Code,Year,Renewables (% equivalent primary energy)
DZA,1965,4.7630677
DZA,1966,3.518747
DZA,1967,4.291954
DZA,1968,5.4861946
DZA,1969,3.1827633
DZA,1970,4.6656837
DZA,1971,2.4559188
DZA,1972,3.278343
DZA,1973,4.175826
DZA,1974,2.494738
DZA,1975,1.3782818
DZA,1976,1.4010222
DZA,1977,0.8817282
DZA,1978,0.6521151
DZA,1979,0.5792936
DZA,1980,0.4290016
DZA,1981,0.50294036
DZA,1982,0.5708701
DZA,1983,0.25644946
DZA,1984,0.5136736
DZA,1985,0.72826535
DZA,1986,0.2664045
DZA,1987,0.5174274
DZA,1988,0.17717436
DZA,1989,0.2249582
DZA,1990,0.1267387
DZA,1991,0.277607
DZA,1992,0.18375748
DZA,1993,0.35028014
DZA,1994,0.16257899
DZA,1995,0.18224756
DZA,1996,0.1288034
DZA,1997,0.074455895
DZA,1998,0.20617963
DZA,1999,0.1927434
DZA,2000,0.053235486
DZA,2001,0.065218486
DZA,2002,0.05167676
DZA,2003,0.228104
DZA,2004,0.2067869
DZA,2005,0.43411884
DZA,2006,0.16327195
DZA,2007,0.15990457
DZA,2008,0.1877543
DZA,2009,0.21278548
DZA,2010,0.11513415
DZA,2011,0.23525994
DZA,2012,0.22453195
DZA,2013,0.06476319
DZA,2014,0.11750259
DZA,2015,0.09681336
DZA,2016,0.14580713
DZA,2017,0.24701828
DZA,2018,0.28842947
DZA,2019,0.29497427
DZA,2020,0.30043116
DZA,2021,0.25285673
DZA,2022,0.24182516
DZA,2023,0.27036947
ARG,1965,1.1026944
ARG,1966,1.0818663
ARG,1967,1.0765308
ARG,1968,1.2272897
ARG,1969,1.0651326
ARG,1970,1.3533598
ARG,1971,1.2702763
ARG,1972,1.2349532
ARG,1973,2.2839267
ARG,1974,3.629566
ARG,1975,3.8664374
ARG,1976,3.5540857
ARG,1977,3.9090023
ARG,1978,5.227204
ARG,1979,6.702873
ARG,1980,9.552048
ARG,1981,9.542367
ARG,1982,11.229478
ARG,1983,11.313745
ARG,1984,12.136334
ARG,1985,12.759911
ARG,1986,12.297877
ARG,1987,12.24687
ARG,1988,8.416951
ARG,1989,7.543206
ARG,1990,10.29241
ARG,1991,9.080978
ARG,1992,10.2065
ARG,1993,12.215968
ARG,1994,13.306112
ARG,1995,12.535252
ARG,1996,10.224623
ARG,1997,12.513889
ARG,1998,11.481932
ARG,1999,9.2246065
ARG,2000,12.283152
ARG,2001,15.93624
ARG,2002,16.247978
ARG,2003,14.40661
ARG,2004,12.185576
ARG,2005,12.790038
ARG,2006,13.449896
ARG,2007,10.613073
ARG,2008,10.447249
ARG,2009,11.797741
ARG,2010,11.650168
ARG,2011,10.914268
ARG,2012,10.176803
ARG,2013,10.940409
ARG,2014,11.038969
ARG,2015,10.89336
ARG,2016,10.17179
ARG,2017,10.979133
ARG,2018,11.331651
ARG,2019,11.911147
ARG,2020,12.310073
ARG,2021,11.335143
ARG,2022,12.188763
ARG,2023,14.102216
AUS,1965,5.5626216
AUS,1966,5.0718946
AUS,1967,4.9495487
AUS,1968,4.8654675
AUS,1969,5.086988
AUS,1970,5.421451
AUS,1971,5.8227277
AUS,1972,5.599285
AUS,1973,5.588665
AUS,1974,5.95511
AUS,1975,6.2970085
AUS,1976,5.7934213
AUS,1977,5.2697754
AUS,1978,5.508697
AUS,1979,5.1658406
AUS,1980,4.862272
AUS,1981,4.930354
AUS,1982,4.6367826
AUS,1983,4.4233117
AUS,1984,4.615918
AUS,1985,4.761565
AUS,1986,4.706491
AUS,1987,4.453812
AUS,1988,4.557184
AUS,1989,4.344282
AUS,1990,4.382939
AUS,1991,4.6554546
AUS,1992,4.6503634
AUS,1993,4.6700525
AUS,1994,4.446395
AUS,1995,4.239725
AUS,1996,4.236591
AUS,1997,4.14584
AUS,1998,4.037756
AUS,1999,4.008933
AUS,2000,3.9888778
AUS,2001,3.870762
AUS,2002,3.9314501
AUS,2003,4.0149684
AUS,2004,4.03656
AUS,2005,4.313553
AUS,2006,4.233413
AUS,2007,3.9767237
AUS,2008,3.681326
AUS,2009,3.9202657
AUS,2010,4.312805
AUS,2011,5.688442
AUS,2012,5.688193
AUS,2013,6.5121694
AUS,2014,5.9665823
AUS,2015,6.2833033
AUS,2016,7.1866975
AUS,2017,6.744328
AUS,2018,8.280843
AUS,2019,8.875714
AUS,2020,10.848229
AUS,2021,12.923943
AUS,2022,13.918374
AUS,2023,14.982515
AUT,1965,25.096405
AUT,1966,25.840193
AUT,1967,26.118929
AUT,1968,25.099167
AUT,1969,22.27537
AUT,1970,24.770256
AUT,1971,19.6523
AUT,1972,19.524149
AUT,1973,20.17739
AUT,1974,23.734526
AUT,1975,25.034246
AUT,1976,20.905321
AUT,1977,25.271303
AUT,1978,24.244625
AUT,1979,25.784454
AUT,1980,26.826015
AUT,1981,29.280653
AUT,1982,30.31977
AUT,1983,30.117786
AUT,1984,26.68983
AUT,1985,29.769283
AUT,1986,30.177652
AUT,1987,32.193813
AUT,1988,32.733353
AUT,1989,32.40866
AUT,1990,29.002949
AUT,1991,27.730646
AUT,1992,31.117105
AUT,1993,32.029507
AUT,1994,31.325548
AUT,1995,31.42617
AUT,1996,28.285664
AUT,1997,29.506138
AUT,1998,29.778776
AUT,1999,31.975573
AUT,2000,32.591774
AUT,2001,30.667883
AUT,2002,30.20616
AUT,2003,25.237972
AUT,2004,27.274899
AUT,2005,27.495369
AUT,2006,28.128284
AUT,2007,30.249714
AUT,2008,30.77213
AUT,2009,33.781616
AUT,2010,31.314478
AUT,2011,30.305704
AUT,2012,35.76177
AUT,2013,35.3089
AUT,2014,36.303062
AUT,2015,34.274372
AUT,2016,35.3048
AUT,2017,34.455837
AUT,2018,34.361984
AUT,2019,35.472965
AUT,2020,38.188835
AUT,2021,35.835052
AUT,2022,36.06654
AUT,2023,40.080193
AZE,1985,1.6519357
AZE,1986,0.9406936
AZE,1987,0.9706842
AZE,1988,0.842058
AZE,1989,0.8257339
AZE,1990,1.8816601
AZE,1991,2.0779731
AZE,1992,2.4099329
AZE,1993,3.8572147
AZE,1994,3.1670034
AZE,1995,2.8640726
AZE,1996,3.449877
AZE,1997,4.0128255
AZE,1998,4.5553145
AZE,1999,3.5244212
AZE,2000,3.4349427
AZE,2001,3.004117
AZE,2002,4.6939816
AZE,2003,5.2657747
AZE,2004,5.1585817
AZE,2005,5.165004
AZE,2006,4.3662996
AZE,2007,4.4247346
AZE,2008,4.149183
AZE,2009,4.9570913
AZE,2010,7.448546
AZE,2011,5.0649414
AZE,2012,3.326695
AZE,2013,2.7732372
AZE,2014,2.4248233
AZE,2015,2.7496912
AZE,2016,3.3369164
AZE,2017,3.0411427
AZE,2018,2.985358
AZE,2019,2.599264
AZE,2020,1.8952277
AZE,2021,2.0421484
AZE,2022,2.3129582
AZE,2023,2.3216856
BGD,1971,3.859758
BGD,1972,3.406534
BGD,1973,5.024387
BGD,1974,3.4634595
BGD,1975,6.043976
BGD,1976,5.868124
BGD,1977,5.079776
BGD,1978,5.5367117
BGD,1979,5.825672
BGD,1980,4.96088
BGD,1981,5.0166492
BGD,1982,3.8052511
BGD,1983,4.870658
BGD,1984,6.1055837
BGD,1985,4.526682
BGD,1986,2.5327973
BGD,1987,2.6365013
BGD,1988,3.0908637
BGD,1989,3.907864
BGD,1990,3.5392714
BGD,1991,3.4776092
BGD,1992,3.0288854
BGD,1993,2.104329
BGD,1994,2.7616804
BGD,1995,1.0269947
BGD,1996,1.9475645
BGD,1997,1.8034276
BGD,1998,2.0371237
BGD,1999,1.9397291
BGD,2000,1.6270941
BGD,2001,1.8750293
BGD,2002,1.4013306
BGD,2003,1.3186479
BGD,2004,1.2339083
BGD,2005,1.1331257
BGD,2006,1.0455985
BGD,2007,1.0152338
BGD,2008,1.2211707
BGD,2009,0.50959486
BGD,2010,0.86148775
BGD,2011,1.0177838
BGD,2012,0.8733193
BGD,2013,0.826586
BGD,2014,0.6849754
BGD,2015,0.82069933
BGD,2016,0.7713848
BGD,2017,0.879046
BGD,2018,0.7318307
BGD,2019,0.6592997
BGD,2020,0.6715829
BGD,2021,0.6931649
BGD,2022,0.8309142
BGD,2023,1.0080312
BLR,1985,0.0144934775
BLR,1986,0.012695331
BLR,1987,0.012513183
BLR,1988,0.012336068
BLR,1989,0.012754957
BLR,1990,0.012691677
BLR,1991,0.011448725
BLR,1992,0.012468852
BLR,1993,0.0166659
BLR,1994,0.019936152
BLR,1995,0.023589265
BLR,1996,0.018399423
BLR,1997,0.023874052
BLR,1998,0.032551832
BLR,1999,0.022707757
BLR,2000,0.031309377
BLR,2001,0.035550438
BLR,2002,0.033003505
BLR,2003,0.031900514
BLR,2004,0.03438375
BLR,2005,0.03729108
BLR,2006,0.036019433
BLR,2007,0.049702015
BLR,2008,0.10045313
BLR,2009,0.19693999
BLR,2010,0.25681725
BLR,2011,0.24902162
BLR,2012,0.26328462
BLR,2013,0.31542054
BLR,2014,0.30440024
BLR,2015,0.35748994
BLR,2016,0.42184716
BLR,2017,0.76281804
BLR,2018,0.6260032
BLR,2019,0.76110655
BLR,2020,0.9905478
BLR,2021,1.1767173
BLR,2022,1.2321929
BLR,2023,1.0955961
BEL,1965,0.19477375
BEL,1966,0.2222244
BEL,1967,0.16850355
BEL,1968,0.15502341
BEL,1969,0.13315213
BEL,1970,0.13480939
BEL,1971,0.07485565
BEL,1972,0.094584495
BEL,1973,0.15358603
BEL,1974,0.19144315
BEL,1975,0.15560855
BEL,1976,0.09175518
BEL,1977,0.26350048
BEL,1978,0.2591517
BEL,1979,0.28706482
BEL,1980,0.31437635
BEL,1981,0.38186046
BEL,1982,0.2197636
BEL,1983,0.21319488
BEL,1984,0.21372305
BEL,1985,0.18697686
BEL,1986,0.24818589
BEL,1987,0.30061248
BEL,1988,0.28122678
BEL,1989,0.25771406
BEL,1990,0.27479723
BEL,1991,0.25747827
BEL,1992,0.29419133
BEL,1993,0.24665135
BEL,1994,0.2759149
BEL,1995,0.3051201
BEL,1996,0.24271938
BEL,1997,0.25003314
BEL,1998,0.31667665
BEL,1999,0.36021912
BEL,2000,0.433269
BEL,2001,0.44920534
BEL,2002,0.47973493
BEL,2003,0.48671448
BEL,2004,0.606298
BEL,2005,0.8666806
BEL,2006,1.2095445
BEL,2007,1.4152513
BEL,2008,1.7643934
BEL,2009,2.5553334
BEL,2010,3.1909645
BEL,2011,4.0780997
BEL,2012,5.1477056
BEL,2013,5.4598446
BEL,2014,6.152073
BEL,2015,6.7979774
BEL,2016,6.4830685
BEL,2017,7.0611453
BEL,2018,7.538291
BEL,2019,8.078669
BEL,2020,10.863382
BEL,2021,9.544263
BEL,2022,10.829778
BEL,2023,12.525129
BRA,1965,27.548725
BRA,1966,27.618214
BRA,1967,27.880291
BRA,1968,25.555754
BRA,1969,25.05622
BRA,1970,27.117094
BRA,1971,26.37442
BRA,1972,27.116016
BRA,1973,26.067352
BRA,1974,26.414951
BRA,1975,27.490095
BRA,1976,28.666958
BRA,1977,30.686188
BRA,1978,30.963718
BRA,1979,32.51719
BRA,1980,35.243515
BRA,1981,36.3235
BRA,1982,37.79666
BRA,1983,41.02851
BRA,1984,42.65514
BRA,1985,43.111156
BRA,1986,42.787334
BRA,1987,42.403927
BRA,1988,43.9331
BRA,1989,44.16665
BRA,1990,44.53114
BRA,1991,45.268887
BRA,1992,45.73639
BRA,1993,45.985283
BRA,1994,45.4955
BRA,1995,44.73329
BRA,1996,44.30005
BRA,1997,43.421165
BRA,1998,43.59449
BRA,1999,43.436108
BRA,2000,42.443245
BRA,2001,38.569214
BRA,2002,40.180744
BRA,2003,41.64891
BRA,2004,41.635994
BRA,2005,42.51229
BRA,2006,42.397827
BRA,2007,43.479145
BRA,2008,42.63199
BRA,2009,45.54154
BRA,2010,43.85847
BRA,2011,43.93462
BRA,2012,41.70022
BRA,2013,39.92749
BRA,2014,38.842846
BRA,2015,40.033836
BRA,2016,42.97847
BRA,2017,42.650604
BRA,2018,45.428116
BRA,2019,46.808254
BRA,2020,48.693333
BRA,2021,44.914055
BRA,2022,48.832825
BRA,2023,50.33141
BGR,1965,4.931371
BGR,1966,4.6229753
BGR,1967,4.0036206
BGR,1968,2.3115647
BGR,1969,2.9225402
BGR,1970,3.0394952
BGR,1971,2.9434657
BGR,1972,2.7616532
BGR,1973,3.2605417
BGR,1974,2.5623977
BGR,1975,2.7339408
BGR,1976,3.1084793
BGR,1977,3.5239036
BGR,1978,2.805369
BGR,1979,3.0763478
BGR,1980,3.2677274
BGR,1981,3.2318056
BGR,1982,2.6594317
BGR,1983,2.90392
BGR,1984,2.839835
BGR,1985,1.9635512
BGR,1986,2.0015333
BGR,1987,2.1663287
BGR,1988,2.1662035
BGR,1989,2.2651663
BGR,1990,1.4857495
BGR,1991,2.5538871
BGR,1992,2.2773595
BGR,1993,2.0045958
BGR,1994,1.5115008
BGR,1995,2.3577003
BGR,1996,3.1407084
BGR,1997,3.1324148
BGR,1998,3.669025
BGR,1999,3.718413
BGR,2000,3.578958
BGR,2001,2.159837
BGR,2002,2.835246
BGR,2003,3.8543482
BGR,2004,4.1520047
BGR,2005,5.2177896
BGR,2006,5.0039926
BGR,2007,3.4964986
BGR,2008,3.587999
BGR,2009,5.116166
BGR,2010,7.6581745
BGR,2011,4.874571
BGR,2012,7.2071776
BGR,2013,10.177441
BGR,2014,10.104898
BGR,2015,11.299108
BGR,2016,9.809312
BGR,2017,8.443123
BGR,2018,12.588994
BGR,2019,10.773653
BGR,2020,11.53778
BGR,2021,13.715241
BGR,2022,12.46647
BGR,2023,15.011163
CAN,1965,25.138649
CAN,1966,26.194746
CAN,1967,25.610426
CAN,1968,24.47401
CAN,1969,25.521269
CAN,1970,25.025076
CAN,1971,24.927824
CAN,1972,25.893644
CAN,1973,25.552883
CAN,1974,26.811583
CAN,1975,26.15631
CAN,1976,26.332035
CAN,1977,25.808472
CAN,1978,27.058771
CAN,1979,27.29702
CAN,1980,27.539682
CAN,1981,29.403925
CAN,1982,29.416243
CAN,1983,30.49923
CAN,1984,30.855843
CAN,1985,31.611633
CAN,1986,32.04593
CAN,1987,31.649542
CAN,1988,29.61134
CAN,1989,27.817396
CAN,1990,29.480997
CAN,1991,30.499428
CAN,1992,30.51211
CAN,1993,30.450893
CAN,1994,29.927301
CAN,1995,29.888117
CAN,1996,30.879307
CAN,1997,30.284904
CAN,1998,29.307375
CAN,1999,29.588795
CAN,2000,29.767815
CAN,2001,28.20141
CAN,2002,28.546556
CAN,2003,27.180016
CAN,2004,26.827923
CAN,2005,28.265472
CAN,2006,27.618176
CAN,2007,27.695152
CAN,2008,28.591097
CAN,2009,29.210728
CAN,2010,27.808294
CAN,2011,28.648472
CAN,2012,29.00381
CAN,2013,28.980621
CAN,2014,28.198492
CAN,2015,28.918821
CAN,2016,29.662228
CAN,2017,29.78379
CAN,2018,28.792355
CAN,2019,28.550873
CAN,2020,30.752234
CAN,2021,30.284687
CAN,2022,30.560762
CAN,2023,29.263187
CHL,1965,16.141762
CHL,1966,15.867013
CHL,1967,15.8887
CHL,1968,13.367759
CHL,1969,13.999327
CHL,1970,14.19122
CHL,1971,14.860414
CHL,1972,17.308092
CHL,1973,17.450201
CHL,1974,19.770317
CHL,1975,21.942268
CHL,1976,21.900364
CHL,1977,22.105398
CHL,1978,22.151817
CHL,1979,21.552887
CHL,1980,22.069942
CHL,1981,22.72726
CHL,1982,26.627869
CHL,1983,27.825817
CHL,1984,27.770302
CHL,1985,30.351582
CHL,1986,31.423769
CHL,1987,32.36392
CHL,1988,28.551182
CHL,1989,21.783056
CHL,1990,18.957916
CHL,1991,24.08466
CHL,1992,28.355387
CHL,1993,27.529266
CHL,1994,25.954521
CHL,1995,26.028479
CHL,1996,22.5519
CHL,1997,21.909548
CHL,1998,18.059258
CHL,1999,15.275814
CHL,2000,19.783125
CHL,2001,22.047363
CHL,2002,22.87545
CHL,2003,22.010805
CHL,2004,19.43779
CHL,2005,22.099463
CHL,2006,22.957874
CHL,2007,19.440195
CHL,2008,21.59478
CHL,2009,22.96064
CHL,2010,19.835663
CHL,2011,18.481121
CHL,2012,18.747072
CHL,2013,18.79665
CHL,2014,20.39204
CHL,2015,21.905157
CHL,2016,20.180143
CHL,2017,22.318325
CHL,2018,24.333767
CHL,2019,23.463417
CHL,2020,25.859335
CHL,2021,24.355661
CHL,2022,27.08363
CHL,2023,30.532255
CHN,1965,4.253407
CHN,1966,3.9831228
CHN,1967,3.818398
CHN,1968,4.458871
CHN,1969,3.7274022
CHN,1970,3.0095923
CHN,1971,3.0704048
CHN,1972,3.227597
CHN,1973,3.417015
CHN,1974,3.7493546
CHN,1975,3.503824
CHN,1976,3.3725686
CHN,1977,3.2287142
CHN,1978,2.7594638
CHN,1979,3.008899
CHN,1980,3.566198
CHN,1981,4.066497
CHN,1982,4.4212723
CHN,1983,4.8234906
CHN,1984,4.515455
CHN,1985,4.441829
CHN,1986,4.3385277
CHN,1987,4.2555475
CHN,1988,4.3230724
CHN,1989,4.4680266
CHN,1990,4.723668
CHN,1991,4.4247785
CHN,1992,4.4127026
CHN,1993,4.75786
CHN,1994,4.952474
CHN,1995,5.5538197
CHN,1996,5.1431327
CHN,1997,5.361735
CHN,1998,5.4277787
CHN,1999,5.1882854
CHN,2000,5.656926
CHN,2001,6.6186247
CHN,2002,6.2804885
CHN,2003,5.30111
CHN,2004,5.60094
CHN,2005,5.5544806
CHN,2006,5.577841
CHN,2007,5.7195926
CHN,2008,7.2738767
CHN,2009,6.9355316
CHN,2010,7.6156235
CHN,2011,7.083536
CHN,2012,8.521457
CHN,2013,8.958172
CHN,2014,10.227447
CHN,2015,10.835855
CHN,2016,11.725009
CHN,2017,12.291223
CHN,2018,12.862764
CHN,2019,13.459068
CHN,2020,14.080283
CHN,2021,14.896213
CHN,2022,15.9457655
CHN,2023,16.164698
COL,1965,10.729045
COL,1966,10.590929
COL,1967,11.202192
COL,1968,12.023638
COL,1969,13.203888
COL,1970,13.413398
COL,1971,14.3879595
COL,1972,13.823888
COL,1973,15.555398
COL,1974,15.7888975
COL,1975,18.878565
COL,1976,19.034077
COL,1977,18.79995
COL,1978,20.633047
COL,1979,21.762644
COL,1980,22.777384
COL,1981,22.155632
COL,1982,23.009438
COL,1983,22.032003
COL,1984,24.247952
COL,1985,25.23612
COL,1986,27.80027
COL,1987,27.698511
COL,1988,29.223629
COL,1989,30.273563
COL,1990,32.54881
COL,1991,31.96542
COL,1992,24.941273
COL,1993,28.616268
COL,1994,30.40986
COL,1995,29.690346
COL,1996,31.470236
COL,1997,27.651566
COL,1998,26.757204
COL,1999,31.315977
COL,2000,29.508314
COL,2001,29.830153
COL,2002,31.78181
COL,2003,32.990623
COL,2004,33.021286
COL,2005,34.17347
COL,2006,32.25097
COL,2007,32.76647
COL,2008,32.606388
COL,2009,29.99507
COL,2010,28.606323
COL,2011,32.644135
COL,2012,30.217394
COL,2013,27.414104
COL,2014,26.4035
COL,2015,27.78511
COL,2016,25.639427
COL,2017,30.291828
COL,2018,29.727283
COL,2019,28.663414
COL,2020,29.010368
COL,2021,30.987612
COL,2022,30.924702
COL,2023,28.916952
HRV,1990,11.523735
HRV,1991,19.537254
HRV,1992,15.994586
HRV,1993,16.087374
HRV,1994,18.960016
HRV,1995,19.160814
HRV,1996,24.701183
HRV,1997,18.543142
HRV,1998,18.063107
HRV,1999,21.245943
HRV,2000,19.766321
HRV,2001,20.779488
HRV,2002,16.806644
HRV,2003,14.887468
HRV,2004,19.898252
HRV,2005,18.501064
HRV,2006,17.52409
HRV,2007,12.393234
HRV,2008,15.262363
HRV,2009,19.716614
HRV,2010,23.851255
HRV,2011,15.510488
HRV,2012,16.895237
HRV,2013,26.756195
HRV,2014,28.475935
HRV,2015,22.67194
HRV,2016,23.881334
HRV,2017,20.280275
HRV,2018,27.056107
HRV,2019,24.222437
HRV,2020,26.004786
HRV,2021,29.736883
HRV,2022,26.013306
HRV,2023,31.566439
CZE,1965,1.4077874
CZE,1966,1.3170925
CZE,1967,1.2057945
CZE,1968,0.89475876
CZE,1969,0.7005399
CZE,1970,0.9598853
CZE,1971,0.64512116
CZE,1972,0.6712159
CZE,1973,0.57063675
CZE,1974,0.9500237
CZE,1975,0.91022944
CZE,1976,0.7058947
CZE,1977,0.9296591
CZE,1978,0.8529741
CZE,1979,1.0576006
CZE,1980,1.1426239
CZE,1981,0.9889818
CZE,1982,0.8108596
CZE,1983,0.80229473
CZE,1984,0.6089416
CZE,1985,0.782431
CZE,1986,0.8687311
CZE,1987,1.1157937
CZE,1988,0.94598264
CZE,1989,0.7638888
CZE,1990,0.6279108
CZE,1991,0.6470877
CZE,1992,0.86247593
CZE,1993,0.9614583
CZE,1994,1.1625127
CZE,1995,1.5213261
CZE,1996,1.393759
CZE,1997,1.446235
CZE,1998,1.3689234
CZE,1999,1.7020341
CZE,2000,1.5951673
CZE,2001,1.6955769
CZE,2002,1.9760944
CZE,2003,1.2228435
CZE,2004,1.6074102
CZE,2005,1.778649
CZE,2006,1.9904531
CZE,2007,1.9663903
CZE,2008,2.3974464
CZE,2009,3.2484796
CZE,2010,3.8938859
CZE,2011,4.9096026
CZE,2012,5.3718815
CZE,2013,6.2181935
CZE,2014,6.416
CZE,2015,6.6330338
CZE,2016,6.700512
CZE,2017,6.499982
CZE,2018,6.3605146
CZE,2019,6.9432154
CZE,2020,7.7524385
CZE,2021,7.481806
CZE,2022,7.5352736
CZE,2023,7.9845033
DNK,1983,0.14966652
DNK,1984,0.15148832
DNK,1985,0.16285837
DNK,1986,0.27791974
DNK,1987,0.37065881
DNK,1988,0.5722486
DNK,1989,0.88691425
DNK,1990,1.2664864
DNK,1991,1.4587733
DNK,1992,2.0408638
DNK,1993,2.3619852
DNK,1994,2.1321414
DNK,1995,2.3133218
DNK,1996,2.187726
DNK,1997,3.3808842
DNK,1998,4.675769
DNK,1999,5.389067
DNK,2000,7.0956717
DNK,2001,7.4025145
DNK,2002,8.58695
DNK,2003,9.462797
DNK,2004,11.729119
DNK,2005,12.474308
DNK,2006,10.684707
DNK,2007,12.466456
DNK,2008,12.62092
DNK,2009,13.378912
DNK,2010,15.567867
DNK,2011,19.240635
DNK,2012,22.003109
DNK,2013,22.68556
DNK,2014,26.237986
DNK,2015,28.001373
DNK,2016,26.942242
DNK,2017,31.503704
DNK,2018,30.349339
DNK,2019,34.10149
DNK,2020,38.468384
DNK,2021,40.294327
DNK,2022,41.246773
DNK,2023,42.73486
ECU,1990,18.208447
ECU,1991,16.781822
ECU,1992,16.528347
ECU,1993,18.627613
ECU,1994,19.351004
ECU,1995,16.093632
ECU,1996,17.381893
ECU,1997,16.071615
ECU,1998,15.920069
ECU,1999,19.251896
ECU,2000,21.61393
ECU,2001,19.692354
ECU,2002,21.095179
ECU,2003,19.533443
ECU,2004,18.734915
ECU,2005,16.596605
ECU,2006,16.251612
ECU,2007,19.557274
ECU,2008,22.617527
ECU,2009,18.929247
ECU,2010,15.955793
ECU,2011,19.212603
ECU,2012,19.8579
ECU,2013,17.394707
ECU,2014,17.304941
ECU,2015,19.689713
ECU,2016,23.698437
ECU,2017,28.42279
ECU,2018,27.421818
ECU,2019,31.70298
ECU,2020,36.008568
ECU,2021,32.326263
ECU,2022,29.61888
ECU,2023,28.97765
EGY,1965,5.587894
EGY,1966,5.5950437
EGY,1967,7.041625
EGY,1968,9.956792
EGY,1969,16.08243
EGY,1970,15.164636
EGY,1971,15.877998
EGY,1972,14.63569
EGY,1973,15.458054
EGY,1974,16.143082
EGY,1975,16.16058
EGY,1976,15.923643
EGY,1977,16.571007
EGY,1978,17.237104
EGY,1979,15.267534
EGY,1980,13.69403
EGY,1981,12.52634
EGY,1982,11.533038
EGY,1983,9.980415
EGY,1984,8.979603
EGY,1985,8.225813
EGY,1986,7.8884335
EGY,1987,7.4370356
EGY,1988,7.214404
EGY,1989,7.3539524
EGY,1990,7.5208664
EGY,1991,7.3963394
EGY,1992,7.3806868
EGY,1993,7.595429
EGY,1994,7.6767826
EGY,1995,7.558946
EGY,1996,7.3617535
EGY,1997,7.2438493
EGY,1998,7.1541777
EGY,1999,7.409151
EGY,2000,7.416067
EGY,2001,7.225908
EGY,2002,6.795775
EGY,2003,5.9376993
EGY,2004,5.6346426
EGY,2005,5.385707
EGY,2006,5.1723156
EGY,2007,5.363156
EGY,2008,5.4142365
EGY,2009,4.8005958
EGY,2010,4.4617195
EGY,2011,4.315468
EGY,2012,4.160286
EGY,2013,4.15519
EGY,2014,4.1552024
EGY,2015,4.3093953
EGY,2016,4.1127086
EGY,2017,3.8524866
EGY,2018,4.065821
EGY,2019,5.1530914
EGY,2020,6.528981
EGY,2021,6.0273504
EGY,2022,5.699291
EGY,2023,5.891331
EST,1985,0.0
EST,1986,0.0
EST,1987,0.0
EST,1988,0.0
EST,1989,0.0
EST,1990,0.0
EST,1991,0.0
EST,1992,0.0
EST,1993,0.0
EST,1994,0.0
EST,1995,0.030810123
EST,1996,0.024178887
EST,1997,0.039272036
EST,1998,0.06566687
EST,1999,0.09923462
EST,2000,0.34300694
EST,2001,0.15898865
EST,2002,0.18508367
EST,2003,0.21938756
EST,2004,0.2892184
EST,2005,0.5010425
EST,2006,0.6115425
EST,2007,0.59698224
EST,2008,0.91512406
EST,2009,2.8205373
EST,2010,4.5134435
EST,2011,5.002608
EST,2012,6.1861205
EST,2013,4.875871
EST,2014,5.822954
EST,2015,6.8995023
EST,2016,6.7311354
EST,2017,7.1341434
EST,2018,8.032092
EST,2019,10.686006
EST,2020,15.784544
EST,2021,14.641426
EST,2022,13.766856
EST,2023,15.521677
FIN,1974,18.06427
FIN,1975,17.08967
FIN,1976,12.514575
FIN,1977,15.202661
FIN,1978,11.782436
FIN,1979,12.09141
FIN,1980,11.415307
FIN,1981,15.10919
FIN,1982,14.666411
FIN,1983,15.36475
FIN,1984,14.383723
FIN,1985,12.764181
FIN,1986,12.675926
FIN,1987,13.406022
FIN,1988,13.070462
FIN,1989,12.690623
FIN,1990,15.025665
FIN,1991,16.623262
FIN,1992,18.345428
FIN,1993,17.708103
FIN,1994,15.905319
FIN,1995,17.83622
FIN,1996,15.512952
FIN,1997,17.436531
FIN,1998,20.417698
FIN,1999,18.097704
FIN,2000,19.816307
FIN,2001,17.827953
FIN,2002,16.364536
FIN,2003,14.705513
FIN,2004,19.619965
FIN,2005,19.669651
FIN,2006,17.648571
FIN,2007,18.949663
FIN,2008,22.497007
FIN,2009,19.203804
FIN,2010,19.707203
FIN,2011,21.06651
FIN,2012,25.105116
FIN,2013,22.765919
FIN,2014,24.830048
FIN,2015,28.261705
FIN,2016,26.694275
FIN,2017,28.758484
FIN,2018,28.735558
FIN,2019,29.32629
FIN,2020,33.45363
FIN,2021,35.85605
FIN,2022,35.68258
FIN,2023,35.936253
FRA,1965,10.29021
FRA,1966,11.304578
FRA,1967,9.310768
FRA,1968,9.88298
FRA,1969,9.455497
FRA,1970,9.389571
FRA,1971,7.856475
FRA,1972,7.395049
FRA,1973,6.6609397
FRA,1974,7.962638
FRA,1975,8.960049
FRA,1976,6.8634806
FRA,1977,10.469228
FRA,1978,9.071197
FRA,1979,8.585797
FRA,1980,9.035392
FRA,1981,9.517086
FRA,1982,9.66136
FRA,1983,9.3065195
FRA,1984,8.527576
FRA,1985,7.798105
FRA,1986,7.6883883
FRA,1987,8.467063
FRA,1988,9.054768
FRA,1989,5.5444374
FRA,1990,6.241498
FRA,1991,6.2466106
FRA,1992,7.3756804
FRA,1993,6.9578476
FRA,1994,8.531402
FRA,1995,7.761339
FRA,1996,6.827265
FRA,1997,6.7619724
FRA,1998,6.4227214
FRA,1999,7.365318
FRA,2000,6.7216315
FRA,2001,7.4109597
FRA,2002,6.1641173
FRA,2003,5.9472837
FRA,2004,5.953116
FRA,2005,5.362479
FRA,2006,5.9662986
FRA,2007,6.631294
FRA,2008,7.6250157
FRA,2009,7.709266
FRA,2010,8.210716
FRA,2011,7.181137
FRA,2012,9.037564
FRA,2013,10.23553
FRA,2014,10.241491
FRA,2015,9.901025
FRA,2016,10.735397
FRA,2017,10.140911
FRA,2018,11.915838
FRA,2019,12.15705
FRA,2020,14.716146
FRA,2021,13.6294365
FRA,2022,14.591658
FRA,2023,16.940176
DEU,1965,1.6145031
DEU,1966,1.7416129
DEU,1967,1.6582536
DEU,1968,1.5761396
DEU,1969,1.185767
DEU,1970,1.5171293
DEU,1971,1.1796807
DEU,1972,1.1219958
DEU,1973,1.213714
DEU,1974,1.4188614
DEU,1975,1.4353293
DEU,1976,1.1208524
DEU,1977,1.3967295
DEU,1978,1.4089609
DEU,1979,1.3454018
DEU,1980,1.4781907
DEU,1981,1.5739785
DEU,1982,1.6178513
DEU,1983,1.4992614
DEU,1984,1.4371842
DEU,1985,1.3216146
DEU,1986,1.4105302
DEU,1987,1.5094992
DEU,1988,1.5009328
DEU,1989,1.3991727
DEU,1990,1.3369406
DEU,1991,1.2709582
DEU,1992,1.520455
DEU,1993,1.5835444
DEU,1994,1.7396334
DEU,1995,1.8891901
DEU,1996,1.6823944
DEU,1997,1.8035166
DEU,1998,1.9705647
DEU,1999,2.2275858
DEU,2000,2.8871114
DEU,2001,2.9411676
DEU,2002,3.5386324
DEU,2003,3.6419902
DEU,2004,4.516598
DEU,2005,5.208511
DEU,2006,6.0263686
DEU,2007,7.6538005
DEU,2008,7.817749
DEU,2009,8.454232
DEU,2010,8.792499
DEU,2011,10.566928
DEU,2012,11.899734
DEU,2013,12.063284
DEU,2014,13.335284
DEU,2015,14.878483
DEU,2016,14.665688
DEU,2017,16.26483
DEU,2018,17.168362
DEU,2019,18.82998
DEU,2020,21.123863
DEU,2021,19.06692
DEU,2022,21.36138
DEU,2023,24.394201
GRC,1982,5.2865105
GRC,1983,3.454517
GRC,1984,4.0465713
GRC,1985,3.7546217
GRC,1986,4.321012
GRC,1987,3.3969667
GRC,1988,2.7383325
GRC,1989,2.0288165
GRC,1990,1.8226942
GRC,1991,3.1458595
GRC,1992,2.2052224
GRC,1993,2.2926166
GRC,1994,2.5512788
GRC,1995,3.3267493
GRC,1996,3.9930205
GRC,1997,3.4682534
GRC,1998,3.1564183
GRC,1999,3.9640613
GRC,2000,3.2847326
GRC,2001,2.296041
GRC,2002,2.7831924
GRC,2003,4.2976427
GRC,2004,4.2918515
GRC,2005,4.6005774
GRC,2006,5.44987
GRC,2007,3.3446171
GRC,2008,4.1339064
GRC,2009,5.996017
GRC,2010,8.131609
GRC,2011,6.3986807
GRC,2012,8.401619
GRC,2013,12.436178
GRC,2014,11.320253
GRC,2015,13.459677
GRC,2016,13.661964
GRC,2017,12.052897
GRC,2018,13.840273
GRC,2019,14.172345
GRC,2020,17.601542
GRC,2021,20.09628
GRC,2022,19.641994
GRC,2023,21.644836
HKG,1995,0.0
HKG,1996,0.0
HKG,1997,0.0
HKG,1998,0.0
HKG,1999,0.0
HKG,2008,0.00080172904
HKG,2009,0.0009937222
HKG,2010,0.05381598
HKG,2011,0.13770953
HKG,2012,0.061687157
HKG,2013,0.1611944
HKG,2014,0.15181382
HKG,2015,0.20598702
HKG,2016,0.20709695
HKG,2017,0.2106131
HKG,2018,0.24167377
HKG,2019,0.25547945
HKG,2020,0.4387561
HKG,2021,0.6320362
HKG,2022,0.9528749
HKG,2023,0.9380849
HUN,1965,0.11989387
HUN,1966,0.15773733
HUN,1967,0.13554126
HUN,1968,0.14179073
HUN,1969,0.14133148
HUN,1970,0.12151648
HUN,1971,0.128392
HUN,1972,0.14248806
HUN,1973,0.12081837
HUN,1974,0.094015844
HUN,1975,0.17870052
HUN,1976,0.16931991
HUN,1977,0.14541946
HUN,1978,0.12593117
HUN,1979,0.13454616
HUN,1980,0.10290331
HUN,1981,0.15593338
HUN,1982,0.14692831
HUN,1983,0.14574319
HUN,1984,0.1656924
HUN,1985,0.13748026
HUN,1986,0.13723414
HUN,1987,0.14415859
HUN,1988,0.14756292
HUN,1989,0.1416178
HUN,1990,0.1796139
HUN,1991,0.21539119
HUN,1992,0.21199435
HUN,1993,0.22068326
HUN,1994,0.2185324
HUN,1995,0.23038746
HUN,1996,0.26405832
HUN,1997,0.28327656
HUN,1998,0.22449638
HUN,1999,0.2566925
HUN,2000,0.261336
HUN,2001,0.26867232
HUN,2002,0.25034344
HUN,2003,0.35918176
HUN,2004,1.0114594
HUN,2005,1.9246767
HUN,2006,1.5934231
HUN,2007,2.089157
HUN,2008,3.1521368
HUN,2009,4.0226183
HUN,2010,4.081326
HUN,2011,3.75528
HUN,2012,3.8991413
HUN,2013,4.2139344
HUN,2014,4.9268494
HUN,2015,4.698194
HUN,2016,4.6759534
HUN,2017,4.5672145
HUN,2018,4.958271
HUN,2019,5.7964964
HUN,2020,7.0143948
HUN,2021,7.9829783
HUN,2022,9.2652645
HUN,2023,10.97823
ISL,2007,74.30169
IND,1965,9.149455
IND,1966,9.270713
IND,1967,10.058605
IND,1968,10.8575325
IND,1969,10.873966
IND,1970,11.78412
IND,1971,12.426771
IND,1972,11.463117
IND,1973,11.957463
IND,1974,10.860853
IND,1975,12.067703
IND,1976,12.0367985
IND,1977,12.415875
IND,1978,14.818278
IND,1979,13.540278
IND,1980,13.453118
IND,1981,12.948172
IND,1982,11.035111
IND,1983,10.110921
IND,1984,10.576084
IND,1985,9.670784
IND,1986,9.167619
IND,1987,8.030696
IND,1988,8.2299185
IND,1989,8.742306
IND,1990,8.54283
IND,1991,9.029866
IND,1992,8.140624
IND,1993,8.035936
IND,1994,8.667226
IND,1995,7.6867676
IND,1996,6.7896338
IND,1997,6.5708995
IND,1998,7.3818192
IND,1999,7.1308775
IND,2000,6.398104
IND,2001,6.0226192
IND,2002,5.529273
IND,2003,5.445053
IND,2004,7.278265
IND,2005,6.731385
IND,2006,7.539817
IND,2007,7.681195
IND,2008,7.093329
IND,2009,6.352798
IND,2010,6.450954
IND,2011,7.426478
IND,2012,6.692072
IND,2013,7.3276463
IND,2014,7.3362403
IND,2015,7.1391196
IND,2016,6.973517
IND,2017,7.4859
IND,2018,7.9542136
IND,2019,8.904294
IND,2020,9.739235
IND,2021,9.488208
IND,2022,10.273168
IND,2023,9.676426
IDN,1965,6.385929
IDN,1966,8.36461
IDN,1967,9.505836
IDN,1968,11.010139
IDN,1969,10.201887
IDN,1970,11.57067
IDN,1971,4.00115
IDN,1972,3.3738363
IDN,1973,3.7743795
IDN,1974,3.9022937
IDN,1975,3.3421185
IDN,1976,1.86724
IDN,1977,2.34783
IDN,1978,1.49063
IDN,1979,1.4562845
IDN,1980,1.2272301
IDN,1981,1.1406815
IDN,1982,1.2204517
IDN,1983,1.7323705
IDN,1984,1.7180939
IDN,1985,1.9808587
IDN,1986,2.9868257
IDN,1987,2.9112308
IDN,1988,3.0289974
IDN,1989,3.4081194
IDN,1990,3.7318628
IDN,1991,3.81247
IDN,1992,4.4085426
IDN,1993,3.8476534
IDN,1994,3.5212233
IDN,1995,3.5392694
IDN,1996,3.5088153
IDN,1997,2.4772785
IDN,1998,4.0149045
IDN,1999,3.852458
IDN,2000,3.733831
IDN,2001,4.1125903
IDN,2002,3.6303015
IDN,2003,3.1624913
IDN,2004,3.3661623
IDN,2005,3.4541986
IDN,2006,3.1702235
IDN,2007,3.31408
IDN,2008,3.5247178
IDN,2009,3.6053057
IDN,2010,4.3475184
IDN,2011,3.431125
IDN,2012,3.5263355
IDN,2013,4.4679456
IDN,2014,4.608102
IDN,2015,3.9044187
IDN,2016,5.6316724
IDN,2017,5.4710994
IDN,2018,7.7867928
IDN,2019,8.279649
IDN,2020,10.217818
IDN,2021,10.79372
IDN,2022,9.899512
IDN,2023,10.446613
IRN,1965,5.2250767
IRN,1966,5.151487
IRN,1967,5.0412226
IRN,1968,4.9317336
IRN,1969,4.837112
IRN,1970,4.4152985
IRN,1971,4.3325543
IRN,1972,5.018947
IRN,1973,3.5577044
IRN,1974,3.4556205
IRN,1975,3.1140482
IRN,1976,3.0952492
IRN,1977,2.8250146
IRN,1978,4.5260034
IRN,1979,3.6342711
IRN,1980,4.064726
IRN,1981,4.4219165
IRN,1982,4.111237
IRN,1983,3.3884645
IRN,1984,2.9317567
IRN,1985,2.7088299
IRN,1986,3.4556096
IRN,1987,3.5734787
IRN,1988,3.6968005
IRN,1989,2.7610445
IRN,1990,2.6902497
IRN,1991,1.8835832
IRN,1992,2.7959177
IRN,1993,3.4577887
IRN,1994,2.021462
IRN,1995,2.326306
IRN,1996,2.2645998
IRN,1997,1.4810697
IRN,1998,1.7921339
IRN,1999,1.1498691
IRN,2000,0.8082891
IRN,2001,0.8181908
IRN,2002,1.4433478
IRN,2003,1.6837656
IRN,2004,1.8843321
IRN,2005,2.1426384
IRN,2006,2.500738
IRN,2007,2.2706358
IRN,2008,0.9233144
IRN,2009,0.8159316
IRN,2010,1.1913837
IRN,2011,1.1921026
IRN,2012,1.3767738
IRN,2013,1.5277675
IRN,2014,1.444072
IRN,2015,1.320366
IRN,2016,1.4484855
IRN,2017,1.5695099
IRN,2018,0.92631114
IRN,2019,2.8355055
IRN,2020,1.9334664
IRN,2021,1.2263017
IRN,2022,1.2014121
IRN,2023,1.8229214
IRQ,2017,1.0475221
IRQ,2018,0.98314315
IRQ,2019,2.2004015
IRL,1979,2.3525975
IRL,1980,2.4656003
IRL,1981,2.5970182
IRL,1982,2.4390516
IRL,1983,2.4031906
IRL,1984,2.1390052
IRL,1985,2.487561
IRL,1986,2.5271845
IRL,1987,1.8662728
IRL,1988,2.3837883
IRL,1989,1.8510282
IRL,1990,1.7483125
IRL,1991,1.8013103
IRL,1992,1.9758353
IRL,1993,1.8359721
IRL,1994,2.120603
IRL,1995,1.6132627
IRL,1996,1.6042329
IRL,1997,1.6546531
IRL,1998,2.2191892
IRL,1999,2.0208225
IRL,2000,2.034373
IRL,2001,1.6607853
IRL,2002,2.2350235
IRL,2003,1.8804967
IRL,2004,2.2461925
IRL,2005,2.8786287
IRL,2006,3.6557345
IRL,2007,4.1544456
IRL,2008,5.4890666
IRL,2009,7.0551596
IRL,2010,6.468354
IRL,2011,9.50042
IRL,2012,9.308356
IRL,2013,10.137973
IRL,2014,11.478303
IRL,2015,13.121304
IRL,2016,11.98258
IRL,2017,14.191961
IRL,2018,15.6791315
IRL,2019,18.009615
IRL,2020,21.518867
IRL,2021,18.387724
IRL,2022,20.03623
IRL,2023,22.302807
ISR,1980,0.0
ISR,1981,0.006281023
ISR,1982,0.0058126245
ISR,1983,0.0029045169
ISR,1984,0.005582296
ISR,1985,0.006019132
ISR,1986,0.017166344
ISR,1987,0.026679432
ISR,1988,0.024892602
ISR,1989,0.00713814
ISR,1990,0.0068695177
ISR,1991,0.013514825
ISR,1992,0.055975646
ISR,1993,0.04621226
ISR,1994,0.039183754
ISR,1995,0.03786965
ISR,1996,0.035081003
ISR,1997,0.033417907
ISR,1998,0.03175548
ISR,1999,0.040444262
ISR,2000,0.04031588
ISR,2001,0.0258593
ISR,2002,0.09087086
ISR,2003,0.10240744
ISR,2004,0.09672579
ISR,2005,0.119960636
ISR,2006,0.0694792
ISR,2007,0.061499506
ISR,2008,0.070539854
ISR,2009,0.1537155
ISR,2010,0.23017603
ISR,2011,0.368569
ISR,2012,0.52630293
ISR,2013,0.6158397
ISR,2014,1.0545208
ISR,2015,1.3535545
ISR,2016,1.8459212
ISR,2017,1.8471863
ISR,2018,1.9937472
ISR,2019,3.0705597
ISR,2020,4.2514257
ISR,2021,5.162033
ISR,2022,5.6662054
ISR,2023,7.0659175
ITA,1965,14.399825
ITA,1966,13.789761
ITA,1967,12.396454
ITA,1968,11.592197
ITA,1969,10.465505
ITA,1970,9.408058
ITA,1971,8.673787
ITA,1972,8.623178
ITA,1973,7.571964
ITA,1974,7.7026577
ITA,1975,8.419505
ITA,1976,7.6167636
ITA,1977,9.689525
ITA,1978,8.498705
ITA,1979,8.319645
ITA,1980,8.439496
ITA,1981,8.140426
ITA,1982,8.032729
ITA,1983,8.177463
ITA,1984,8.236615
ITA,1985,7.919222
ITA,1986,7.745234
ITA,1987,7.2850204
ITA,1988,7.320364
ITA,1989,6.0404835
ITA,1990,5.5439982
ITA,1991,7.0200934
ITA,1992,7.082338
ITA,1993,7.147924
ITA,1994,7.6455235
ITA,1995,6.312267
ITA,1996,7.0418596
ITA,1997,6.921144
ITA,1998,6.806154
ITA,1999,7.312841
ITA,2000,7.155644
ITA,2001,7.6085052
ITA,2002,6.7783756
ITA,2003,6.33908
ITA,2004,7.220356
ITA,2005,6.4335437
ITA,2006,6.729988
ITA,2007,6.431969
ITA,2008,8.19532
ITA,2009,10.585501
ITA,2010,11.430808
ITA,2011,12.443046
ITA,2012,14.165738
ITA,2013,17.610695
ITA,2014,19.739758
ITA,2015,17.510365
ITA,2016,17.231768
ITA,2017,16.370815
ITA,2018,17.727497
ITA,2019,17.864973
ITA,2020,20.03473
ITA,2021,18.57917
ITA,2022,16.526909
ITA,2023,19.27818
JPN,1965,12.279377
JPN,1966,11.286734
JPN,1967,8.691781
JPN,1968,8.453349
JPN,1969,7.437604
JPN,1970,6.541671
JPN,1971,6.9699736
JPN,1972,6.579958
JPN,1973,4.7081666
JPN,1974,5.8826437
JPN,1975,5.997585
JPN,1976,5.766711
JPN,1977,5.070976
JPN,1978,4.7853446
JPN,1979,5.4248686
JPN,1980,6.1456776
JPN,1981,6.199062
JPN,1982,6.6420836
JPN,1983,6.726596
JPN,1984,5.7186503
JPN,1985,6.3615613
JPN,1986,6.313782
JPN,1987,5.7358527
JPN,1988,6.444453
JPN,1989,6.4262824
JPN,1990,5.6428037
JPN,1991,5.8870516
JPN,1992,5.0480127
JPN,1993,5.6211276
JPN,1994,4.068079
JPN,1995,4.6962857
JPN,1996,4.5733137
JPN,1997,4.994817
JPN,1998,5.194057
JPN,1999,4.8818135
JPN,2000,4.8190794
JPN,2001,4.7145886
JPN,2002,4.7228813
JPN,2003,5.3383565
JPN,2004,5.2529583
JPN,2005,4.7229195
JPN,2006,5.2366915
JPN,2007,4.6928535
JPN,2008,4.7652874
JPN,2009,4.9600253
JPN,2010,5.649895
JPN,2011,5.6971593
JPN,2012,5.6249747
JPN,2013,6.106115
JPN,2014,6.918495
JPN,2015,8.037719
JPN,2016,7.962104
JPN,2017,8.4127655
JPN,2018,9.054853
JPN,2019,9.284181
JPN,2020,10.928532
JPN,2021,11.268134
JPN,2022,11.606308
JPN,2023,12.584244
KAZ,1985,1.9355252
KAZ,1986,1.7365297
KAZ,1987,2.035726
KAZ,1988,2.3956878
KAZ,1989,2.5382574
KAZ,1990,2.5343888
KAZ,1991,2.4798365
KAZ,1992,2.3956668
KAZ,1993,3.0152721
KAZ,1994,4.0728307
KAZ,1995,4.114585
KAZ,1996,4.1591706
KAZ,1997,4.181545
KAZ,1998,4.193706
KAZ,1999,4.455529
KAZ,2000,6.022824
KAZ,2001,5.7042646
KAZ,2002,6.120414
KAZ,2003,5.382556
KAZ,2004,4.7320495
KAZ,2005,4.457741
KAZ,2006,4.067664
KAZ,2007,3.8324938
KAZ,2008,3.2989428
KAZ,2009,3.3763013
KAZ,2010,3.642986
KAZ,2011,3.1336143
KAZ,2012,2.8702004
KAZ,2013,2.8818953
KAZ,2014,2.9155889
KAZ,2015,4.0009217
KAZ,2016,4.511002
KAZ,2017,4.0515256
KAZ,2018,3.6561053
KAZ,2019,3.662659
KAZ,2020,4.258704
KAZ,2021,4.0059314
KAZ,2022,4.228879
KAZ,2023,4.5201697
LVA,1985,8.286784
LVA,1986,8.983882
LVA,1987,12.136782
LVA,1988,10.432146
LVA,1989,12.539953
LVA,1990,15.375505
LVA,1991,12.153858
LVA,1992,13.070239
LVA,1993,17.300793
LVA,1994,20.521252
LVA,1995,19.48626
LVA,1996,13.271263
LVA,1997,20.91794
LVA,1998,28.085598
LVA,1999,21.138712
LVA,2000,22.118181
LVA,2001,20.512127
LVA,2002,17.687971
LVA,2003,16.751476
LVA,2004,20.242414
LVA,2005,20.919247
LVA,2006,17.916225
LVA,2007,17.48977
LVA,2008,19.600128
LVA,2009,22.801994
LVA,2010,20.99727
LVA,2011,19.912294
LVA,2012,25.260374
LVA,2013,22.860985
LVA,2014,19.858122
LVA,2015,19.562021
LVA,2016,22.235506
LVA,2017,30.942255
LVA,2018,23.44276
LVA,2019,20.844694
LVA,2020,26.025894
LVA,2021,25.3048
LVA,2022,27.408604
LVA,2023,31.915909
LTU,1985,0.6436672
LTU,1986,0.68190074
LTU,1987,0.6134985
LTU,1988,0.6201881
LTU,1989,0.57254976
LTU,1990,0.62437946
LTU,1991,0.4838643
LTU,1992,0.70010686
LTU,1993,1.1237099
LTU,1994,1.5000483
LTU,1995,1.1099585
LTU,1996,0.8900921
LTU,1997,0.86853534
LTU,1998,1.1434216
LTU,1999,1.388375
LTU,2000,1.2781199
LTU,2001,1.0654709
LTU,2002,1.0652573
LTU,2003,0.9441184
LTU,2004,1.2040868
LTU,2005,1.4377186
LTU,2006,1.641714
LTU,2007,2.2996328
LTU,2008,2.485153
LTU,2009,2.8316357
LTU,2010,4.697627
LTU,2011,5.3255224
LTU,2012,5.892642
LTU,2013,7.8772025
LTU,2014,8.20071
LTU,2015,8.635307
LTU,2016,9.8842945
LTU,2017,11.358492
LTU,2018,9.914701
LTU,2019,10.875838
LTU,2020,11.799221
LTU,2021,12.441872
LTU,2022,14.903523
LTU,2023,17.464674
LUX,1965,0.61123115
LUX,1966,0.57401025
LUX,1967,0.6577615
LUX,1968,0.621158
LUX,1969,0.50225776
LUX,1970,0.53466296
LUX,1971,0.31431046
LUX,1972,0.35941938
LUX,1973,0.2993406
LUX,1974,0.43540335
LUX,1975,0.45285672
LUX,1976,0.2848827
LUX,1977,0.69326395
LUX,1978,0.65441746
LUX,1979,0.69214594
LUX,1980,0.77743924
LUX,1981,0.99061763
LUX,1982,0.9594649
LUX,1983,1.0039246
LUX,1984,1.0007659
LUX,1985,0.81546617
LUX,1986,0.9784457
LUX,1987,1.2274541
LUX,1988,1.1297147
LUX,1989,0.762681
LUX,1990,0.66460145
LUX,1991,0.7338108
LUX,1992,0.6107495
LUX,1993,0.6041136
LUX,1994,0.77528113
LUX,1995,0.9501822
LUX,1996,0.6496766
LUX,1997,0.90258384
LUX,1998,1.294618
LUX,1999,1.0463189
LUX,2000,1.3703701
LUX,2001,1.2522314
LUX,2002,1.0301425
LUX,2003,0.91741097
LUX,2004,1.1120354
LUX,2005,1.1679211
LUX,2006,1.3908709
LUX,2007,2.5581582
LUX,2008,2.6651092
LUX,2009,2.6304793
LUX,2010,2.5002356
LUX,2011,2.5544233
LUX,2012,2.9861996
LUX,2013,3.662436
LUX,2014,4.3592978
LUX,2015,5.030449
LUX,2016,5.4342875
LUX,2017,6.6963987
LUX,2018,7.1412535
LUX,2019,7.9173098
LUX,2020,10.869298
LUX,2021,10.174548
LUX,2022,11.169679
LUX,2023,11.749724
MYS,1970,8.029954
MYS,1971,6.2558084
MYS,1972,6.1961737
MYS,1973,5.646239
MYS,1974,5.05663
MYS,1975,4.8979263
MYS,1976,4.1376095
MYS,1977,2.8693047
MYS,1978,2.5391793
MYS,1979,2.6952229
MYS,1980,3.2901187
MYS,1981,3.5273147
MYS,1982,3.1702034
MYS,1983,3.213416
MYS,1984,5.8833213
MYS,1985,6.482968
MYS,1986,6.458532
MYS,1987,7.5484753
MYS,1988,8.279656
MYS,1989,6.8369017
MYS,1990,4.9409094
MYS,1991,4.358415
MYS,1992,3.7214782
MYS,1993,4.18968
MYS,1994,5.2703333
MYS,1995,4.6203046
MYS,1996,3.450362
MYS,1997,2.393924
MYS,1998,2.660114
MYS,1999,4.2179785
MYS,2000,3.6815305
MYS,2001,3.1404243
MYS,2002,2.5936084
MYS,2003,2.2531736
MYS,2004,2.3196447
MYS,2005,2.2862406
MYS,2006,2.3766863
MYS,2007,2.1808863
MYS,2008,2.6779194
MYS,2009,2.6289935
MYS,2010,2.3300166
MYS,2011,2.8877702
MYS,2012,3.0349357
MYS,2013,3.5195735
MYS,2014,3.8796122
MYS,2015,4.0509195
MYS,2016,5.2360177
MYS,2017,6.6614723
MYS,2018,6.67183
MYS,2019,6.7743883
MYS,2020,7.542022
MYS,2021,7.909985
MYS,2022,7.8370423
MYS,2023,7.88792
MEX,1965,8.934724
MEX,1966,9.63311
MEX,1967,10.29133
MEX,1968,10.842833
MEX,1969,10.4753
MEX,1970,10.981713
MEX,1971,10.142723
MEX,1972,9.780027
MEX,1973,9.648298
MEX,1974,9.094654
MEX,1975,7.7844524
MEX,1976,8.30845
MEX,1977,8.738277
MEX,1978,6.597964
MEX,1979,6.7473707
MEX,1980,5.803557
MEX,1981,7.5373635
MEX,1982,6.8430977
MEX,1983,6.308686
MEX,1984,6.831296
MEX,1985,7.82051
MEX,1986,6.596592
MEX,1987,6.1185946
MEX,1988,6.7846136
MEX,1989,7.2933807
MEX,1990,6.590639
MEX,1991,6.1577377
MEX,1992,7.0486536
MEX,1993,7.037548
MEX,1994,5.314392
MEX,1995,6.955266
MEX,1996,7.4756436
MEX,1997,6.27008
MEX,1998,5.741135
MEX,1999,7.147567
MEX,2000,6.909237
MEX,2001,6.096993
MEX,2002,5.278122
MEX,2003,4.487341
MEX,2004,5.093596
MEX,2005,5.106224
MEX,2006,5.299336
MEX,2007,4.9202223
MEX,2008,6.2076354
MEX,2009,4.631896
MEX,2010,6.1123457
MEX,2011,5.743796
MEX,2012,5.3235054
MEX,2013,4.936131
MEX,2014,6.612726
MEX,2015,5.9951878
MEX,2016,5.9304824
MEX,2017,6.0061207
MEX,2018,6.582444
MEX,2019,6.9041133
MEX,2020,9.102366
MEX,2021,10.009288
MEX,2022,9.688393
MEX,2023,8.60977
MAR,1965,20.195011
MAR,1966,13.327539
MAR,1967,11.18483
MAR,1968,11.826925
MAR,1969,13.944498
MAR,1970,13.103196
MAR,1971,13.923879
MAR,1972,13.526379
MAR,1973,9.094625
MAR,1974,9.542439
MAR,1975,7.134391
MAR,1976,6.466088
MAR,1977,7.88484
MAR,1978,7.7057586
MAR,1979,7.719043
MAR,1980,7.3711247
MAR,1981,5.1364617
MAR,1982,2.7842176
MAR,1983,2.2804005
MAR,1984,1.7123275
MAR,1985,2.2006679
MAR,1986,2.8153405
MAR,1987,3.5068126
MAR,1988,3.7663102
MAR,1989,4.231739
MAR,1990,4.359246
MAR,1991,4.3259
MAR,1992,3.0396225
MAR,1993,1.382297
MAR,1994,2.3779473
MAR,1995,1.7634826
MAR,1996,5.4025164
MAR,1997,5.5313864
MAR,1998,4.6007285
MAR,1999,2.0588021
MAR,2000,1.9685844
MAR,2001,2.4725895
MAR,2002,2.324444
MAR,2003,3.6562476
MAR,2004,3.472617
MAR,2005,2.0785131
MAR,2006,2.0145028
MAR,2007,2.0458596
MAR,2008,1.8940095
MAR,2009,4.7016606
MAR,2010,5.875152
MAR,2011,3.6347337
MAR,2012,3.1035633
MAR,2013,5.0947366
MAR,2014,4.4455295
MAR,2015,5.377317
MAR,2016,5.5828094
MAR,2017,5.275795
MAR,2018,7.0946255
MAR,2019,7.536463
MAR,2020,7.5576315
MAR,2021,7.5325413
MAR,2022,6.983913
MAR,2023,8.444775
NLD,1965,0.0
NLD,1966,0.0
NLD,1967,0.0
NLD,1968,0.0
NLD,1969,0.0
NLD,1970,0.0
NLD,1971,0.0
NLD,1972,0.0
NLD,1973,0.0
NLD,1974,0.0
NLD,1975,0.3115215
NLD,1976,0.31017715
NLD,1977,0.31403568
NLD,1978,0.42992026
NLD,1979,0.38009283
NLD,1980,0.37478045
NLD,1981,0.41875726
NLD,1982,0.11066413
NLD,1983,0.09600716
NLD,1984,0.0068058204
NLD,1985,0.17216216
NLD,1986,0.20577051
NLD,1987,0.2552429
NLD,1988,0.30741832
NLD,1989,0.34333685
NLD,1990,0.28062096
NLD,1991,0.31914797
NLD,1992,0.34000123
NLD,1993,0.3742888
NLD,1994,0.42665815
NLD,1995,0.45612139
NLD,1996,0.56391287
NLD,1997,0.63600326
NLD,1998,0.7268235
NLD,1999,0.79479086
NLD,2000,0.9258587
NLD,2001,0.98837644
NLD,2002,1.1863465
NLD,2003,1.1635092
NLD,2004,1.5031251
NLD,2005,2.0780501
NLD,2006,2.315084
NLD,2007,2.4174242
NLD,2008,2.913216
NLD,2009,3.4302776
NLD,2010,3.1363819
NLD,2011,3.6624486
NLD,2012,3.7893713
NLD,2013,3.7412922
NLD,2014,3.7868385
NLD,2015,4.1951375
NLD,2016,4.3173294
NLD,2017,5.008647
NLD,2018,5.737525
NLD,2019,6.986749
NLD,2020,10.121376
NLD,2021,11.943982
NLD,2022,15.030195
NLD,2023,17.788414
NZL,1970,38.82334
NZL,1971,41.630173
NZL,1972,41.191326
NZL,1973,39.168327
NZL,1974,40.95153
NZL,1975,43.82888
NZL,1976,39.66771
NZL,1977,36.97633
NZL,1978,39.497875
NZL,1979,44.850327
NZL,1980,46.991554
NZL,1981,47.48469
NZL,1982,43.100174
NZL,1983,44.462418
NZL,1984,43.45358
NZL,1985,41.613804
NZL,1986,42.98595
NZL,1987,42.211864
NZL,1988,42.28657
NZL,1989,41.45156
NZL,1990,41.426918
NZL,1991,40.412006
NZL,1992,37.46697
NZL,1993,40.20715
NZL,1994,41.244785
NZL,1995,42.02623
NZL,1996,39.501213
NZL,1997,35.65875
NZL,1998,38.80477
NZL,1999,35.58187
NZL,2000,36.38399
NZL,2001,32.670124
NZL,2002,35.151485
NZL,2003,34.32088
NZL,2004,38.005898
NZL,2005,34.67214
NZL,2006,34.872375
NZL,2007,35.475273
NZL,2008,34.49207
NZL,2009,37.96705
NZL,2010,38.80251
NZL,2011,39.607246
NZL,2012,36.96346
NZL,2013,36.980663
NZL,2014,37.562542
NZL,2015,38.143597
NZL,2016,38.860992
NZL,2017,37.031902
NZL,2018,38.040825
NZL,2019,36.802734
NZL,2020,39.0924
NZL,2021,40.126682
NZL,2022,43.18354
NZL,2023,42.266953
MKD,1997,8.866941
MKD,1998,9.439984
MKD,1999,12.636176
MKD,2000,11.215343
MKD,2001,6.3362017
MKD,2002,7.790694
MKD,2003,12.461908
MKD,2004,13.524395
MKD,2005,13.111359
MKD,2006,14.148089
MKD,2007,8.686331
MKD,2008,7.4698954
MKD,2009,11.460457
MKD,2010,19.919964
MKD,2011,11.718409
MKD,2012,9.136693
MKD,2013,14.4492035
MKD,2014,12.526905
MKD,2015,18.581673
MKD,2016,18.150696
MKD,2017,11.816665
MKD,2018,17.191957
MKD,2019,11.507518
MKD,2020,14.104891
MKD,2021,15.087525
MKD,2022,13.533761
MKD,2023,16.805178
NOR,1977,64.26859
NOR,1978,64.17826
NOR,1979,65.86465
NOR,1980,65.25247
NOR,1981,68.59787
NOR,1982,69.16161
NOR,1983,71.88228
NOR,1984,71.13632
NOR,1985,69.52918
NOR,1986,66.9773
NOR,1987,68.43145
NOR,1988,69.97984
NOR,1989,71.44203
NOR,1990,72.811485
NOR,1991,71.46894
NOR,1992,72.294014
NOR,1993,72.03018
NOR,1994,69.63217
NOR,1995,70.73711
NOR,1996,65.946396
NOR,1997,66.40924
NOR,1998,67.28694
NOR,1999,68.50685
NOR,2000,72.06707
NOR,2001,68.34191
NOR,2002,69.676445
NOR,2003,64.09445
NOR,2004,64.82211
NOR,2005,70.054535
NOR,2006,67.06134
NOR,2007,68.991585
NOR,2008,70.4043
NOR,2009,68.66158
NOR,2010,65.90388
NOR,2011,66.96795
NOR,2012,70.38137
NOR,2013,68.14793
NOR,2014,69.13617
NOR,2015,68.88783
NOR,2016,70.25825
NOR,2017,70.08075
NOR,2018,69.32386
NOR,2019,67.99019
NOR,2020,72.0769
NOR,2021,72.32895
NOR,2022,70.73992
NOR,2023,72.0911
OMN,1994,0.0
OMN,1995,0.0
OMN,1996,0.0
OMN,1997,0.0
OMN,1998,0.0
OMN,1999,0.0
PAK,1965,7.8989325
PAK,1966,7.8401723
PAK,1967,8.392018
PAK,1968,8.885178
PAK,1969,9.32975
PAK,1970,8.390381
PAK,1971,11.718862
PAK,1972,13.253896
PAK,1973,13.087776
PAK,1974,12.144385
PAK,1975,13.310854
PAK,1976,14.231518
PAK,1977,15.620377
PAK,1978,18.110392
PAK,1979,17.961803
PAK,1980,16.982367
PAK,1981,16.494284
PAK,1982,16.829153
PAK,1983,18.234488
PAK,1984,17.859364
PAK,1985,17.652674
PAK,1986,15.925442
PAK,1987,18.666111
PAK,1988,18.419365
PAK,1989,17.649538
PAK,1990,16.537376
PAK,1991,16.70148
PAK,1992,17.344547
PAK,1993,17.234846
PAK,1994,16.347654
PAK,1995,16.378126
PAK,1996,16.762867
PAK,1997,12.898634
PAK,1998,15.707119
PAK,1999,13.423369
PAK,2000,11.344158
PAK,2001,11.415049
PAK,2002,12.188603
PAK,2003,13.333744
PAK,2004,12.676343
PAK,2005,13.59751
PAK,2006,12.633493
PAK,2007,12.365368
PAK,2008,10.553453
PAK,2009,10.887298
PAK,2010,11.174603
PAK,2011,11.411278
PAK,2012,4.3177714
PAK,2013,11.522534
PAK,2014,11.4964
PAK,2015,11.174581
PAK,2016,18.06002
PAK,2017,9.591863
PAK,2018,9.339477
PAK,2019,10.928219
PAK,2020,11.878904
PAK,2021,10.295108
PAK,2022,10.746907
PAK,2023,12.158016
PER,1965,14.111191
PER,1966,12.449849
PER,1967,13.701914
PER,1968,14.438607
PER,1969,15.602732
PER,1970,14.4538965
PER,1971,17.671724
PER,1972,20.367374
PER,1973,19.269955
PER,1974,18.357449
PER,1975,18.165419
PER,1976,18.74816
PER,1977,19.299877
PER,1978,19.762915
PER,1979,20.380562
PER,1980,19.653427
PER,1981,21.26738
PER,1982,22.379803
PER,1983,24.702398
PER,1984,25.10971
PER,1985,27.571493
PER,1986,27.36942
PER,1987,27.023897
PER,1988,26.669767
PER,1989,29.208479
PER,1990,29.3326
PER,1991,32.41311
PER,1992,28.13108
PER,1993,31.19632
PER,1994,31.000927
PER,1995,29.034714
PER,1996,28.98498
PER,1997,29.360386
PER,1998,29.655834
PER,1999,30.457071
PER,2000,32.80372
PER,2001,35.784416
PER,2002,35.718193
PER,2003,36.943634
PER,2004,32.471977
PER,2005,32.167603
PER,2006,34.89119
PER,2007,31.920078
PER,2008,28.833765
PER,2009,29.686222
PER,2010,26.664782
PER,2011,25.767502
PER,2012,25.90535
PER,2013,26.089096
PER,2014,25.83989
PER,2015,25.96086
PER,2016,24.635092
PER,2017,28.8025
PER,2018,29.431831
PER,2019,29.259867
PER,2020,32.38074
PER,2021,29.827547
PER,2022,26.950771
PER,2023,26.3495
PHL,1994,15.584559
PHL,1995,13.865187
PHL,1996,14.195754
PHL,1997,12.731897
PHL,1998,13.421565
PHL,1999,17.445616
PHL,2000,18.21516
PHL,2001,16.7215
PHL,2002,16.281395
PHL,2003,16.082535
PHL,2004,16.661371
PHL,2005,16.062689
PHL,2006,18.680275
PHL,2007,16.622225
PHL,2008,17.630617
PHL,2009,17.189404
PHL,2010,14.867264
PHL,2011,16.133564
PHL,2012,16.406023
PHL,2013,14.824674
PHL,2014,14.025786
PHL,2015,13.544878
PHL,2016,13.032715
PHL,2017,12.544034
PHL,2018,12.185793
PHL,2019,11.25281
PHL,2020,11.994339
PHL,2021,12.277111
PHL,2022,12.353065
PHL,2023,11.991215
POL,1965,0.35209695
POL,1966,0.35020763
POL,1967,0.3647668
POL,1968,0.35622162
POL,1969,0.28452122
POL,1970,0.5491499
POL,1971,0.48687243
POL,1972,0.4683993
POL,1973,0.45816857
POL,1974,0.620982
POL,1975,0.5374193
POL,1976,0.4238295
POL,1977,0.49482882
POL,1978,0.46934918
POL,1979,0.42775407
POL,1980,0.5173495
POL,1981,0.5322904
POL,1982,0.39483663
POL,1983,0.44284835
POL,1984,0.3671588
POL,1985,0.4598646
POL,1986,0.38169914
POL,1987,0.3551029
POL,1988,0.36688256
POL,1989,0.34613898
POL,1990,0.36069712
POL,1991,0.37821314
POL,1992,0.42480853
POL,1993,0.40594903
POL,1994,0.4881243
POL,1995,0.52282447
POL,1996,0.5270424
POL,1997,0.55044067
POL,1998,0.6830108
POL,1999,0.6465405
POL,2000,0.6828024
POL,2001,0.820305
POL,2002,0.81965923
POL,2003,0.67546785
POL,2004,0.89124244
POL,2005,1.1357024
POL,2006,1.2500061
POL,2007,1.5729033
POL,2008,2.2196026
POL,2009,3.006513
POL,2010,3.4803138
POL,2011,4.07828
POL,2012,5.280956
POL,2013,5.21915
POL,2014,6.1203933
POL,2015,6.6168427
POL,2016,6.1215067
POL,2017,6.178931
POL,2018,5.8390436
POL,2019,6.975435
POL,2020,7.9619446
POL,2021,7.9004536
POL,2022,9.753634
POL,2023,12.153621
PRT,1996,18.589867
PRT,1997,16.506464
PRT,1998,15.056531
PRT,1999,9.0626745
PRT,2000,13.041931
PRT,2001,15.588595
PRT,2002,9.700443
PRT,2003,16.955765
PRT,2004,12.039919
PRT,2005,8.080094
PRT,2006,15.515364
PRT,2007,16.120733
PRT,2008,15.212746
PRT,2009,18.914309
PRT,2010,27.481777
PRT,2011,24.613186
PRT,2012,21.803562
PRT,2013,29.319233
PRT,2014,30.905666
PRT,2015,24.606659
PRT,2016,29.398247
PRT,2017,21.441797
PRT,2018,26.868528
PRT,2019,26.366737
PRT,2020,31.739735
PRT,2021,33.30672
PRT,2022,29.567095
PRT,2023,36.04341
ROU,1965,1.0662187
ROU,1966,1.0295304
ROU,1967,1.3156693
ROU,1968,1.3085219
ROU,1969,1.6154395
ROU,1970,1.8980381
ROU,1971,2.8985322
ROU,1972,4.4929147
ROU,1973,4.244083
ROU,1974,4.733459
ROU,1975,4.793049
ROU,1976,3.851948
ROU,1977,4.187206
ROU,1978,4.4158015
ROU,1979,4.625903
ROU,1980,5.1059155
ROU,1981,5.1341105
ROU,1982,4.8196645
ROU,1983,4.1099563
ROU,1984,4.670981
ROU,1985,5.2583566
ROU,1986,4.3782783
ROU,1987,4.377777
ROU,1988,5.6659927
ROU,1989,5.2358437
ROU,1990,4.590245
ROU,1991,6.907993
ROU,1992,6.2837853
ROU,1993,7.054651
ROU,1994,7.641243
ROU,1995,8.897041
ROU,1996,8.448901
ROU,1997,9.899969
ROU,1998,11.66559
ROU,1999,12.841183
ROU,2000,10.396162
ROU,2001,10.312889
ROU,2002,10.6151085
ROU,2003,8.716783
ROU,2004,10.400996
ROU,2005,12.57037
ROU,2006,11.17296
ROU,2007,10.141548
ROU,2008,10.890498
ROU,2009,11.198948
ROU,2010,14.56034
ROU,2011,11.572445
ROU,2012,10.943061
ROU,2013,15.251155
ROU,2014,18.369642
ROU,2015,19.063501
ROU,2016,19.769327
ROU,2017,17.551455
ROU,2018,18.607594
ROU,2019,18.112833
ROU,2020,18.934402
ROU,2021,18.965462
ROU,2022,18.557348
ROU,2023,21.853575
RUS,1985,4.942973
RUS,1986,4.9969373
RUS,1987,4.785533
RUS,1988,4.6569443
RUS,1989,4.6052628
RUS,1990,4.8983045
RUS,1991,5.0031915
RUS,1992,5.33678
RUS,1993,5.7802973
RUS,1994,6.3942966
RUS,1995,6.7691536
RUS,1996,6.157421
RUS,1997,6.6424475
RUS,1998,6.6997995
RUS,1999,6.699299
RUS,2000,6.7286224
RUS,2001,6.9759703
RUS,2002,6.4927287
RUS,2003,6.075377
RUS,2004,6.7542715
RUS,2005,6.60369
RUS,2006,6.309633
RUS,2007,6.371351
RUS,2008,5.8674455
RUS,2009,6.4854555
RUS,2010,5.9321156
RUS,2011,5.585331
RUS,2012,5.530701
RUS,2013,6.162879
RUS,2014,5.856428
RUS,2015,5.736873
RUS,2016,6.1516156
RUS,2017,6.105612
RUS,2018,6.037737
RUS,2019,6.198256
RUS,2020,7.0554256
RUS,2021,6.949851
RUS,2022,6.2413483
RUS,2023,6.3073745
SAU,1965,0.0
SAU,1966,0.0
SAU,1967,0.0
SAU,1968,0.0
SAU,1969,0.0
SAU,1970,0.0
SAU,1971,0.0
SAU,1972,0.0
SAU,1973,0.0
SAU,1974,0.0
SAU,1975,0.0
SAU,1976,0.0
SAU,1977,0.0
SAU,1978,0.0
SAU,1979,0.0
SAU,1980,0.0
SAU,1981,0.0
SAU,1982,0.0
SAU,1983,0.0
SAU,1984,0.0
SAU,1985,0.0
SAU,1986,0.0
SAU,1987,0.0
SAU,1988,0.0
SAU,1989,0.0
SAU,1990,0.0
SAU,1991,0.0
SAU,1992,0.0
SAU,1993,0.0
SAU,1994,0.0
SAU,1995,0.0
SAU,1996,0.0
SAU,1997,0.0
SAU,1998,0.0
SAU,1999,0.0
SAU,2000,0.0
SAU,2001,0.0
SAU,2002,0.0
SAU,2003,0.0
SAU,2004,0.0
SAU,2005,0.0
SAU,2006,0.0
SAU,2007,0.0
SAU,2008,8.0401885e-05
SAU,2009,7.712719e-05
SAU,2010,0.000463029
SAU,2011,0.0005816572
SAU,2012,0.0025898875
SAU,2013,0.00423848
SAU,2014,0.004239704
SAU,2015,0.0040422482
SAU,2016,0.0038626192
SAU,2017,0.005842626
SAU,2018,0.014015297
SAU,2019,0.01887056
SAU,2020,0.019380186
SAU,2021,0.07336859
SAU,2022,0.18877396
SAU,2023,0.46517056
SGP,1992,0.26192993
SGP,1993,0.23974904
SGP,1994,0.20962867
SGP,1995,0.20108198
SGP,1996,0.1992702
SGP,1997,0.18945949
SGP,1998,0.1868752
SGP,1999,0.1887619
SVK,1965,6.1526546
SVK,1966,5.695992
SVK,1967,4.855119
SVK,1968,4.0370173
SVK,1969,3.0090575
SVK,1970,4.1029906
SVK,1971,2.8729024
SVK,1972,2.8613744
SVK,1973,2.351841
SVK,1974,3.7575521
SVK,1975,3.2334025
SVK,1976,3.1432192
SVK,1977,3.5666406
SVK,1978,3.189221
SVK,1979,2.585242
SVK,1980,3.0467434
SVK,1981,2.6747828
SVK,1982,2.3736455
SVK,1983,2.5121584
SVK,1984,1.9794104
SVK,1985,2.611933
SVK,1986,2.0846355
SVK,1987,2.3514032
SVK,1988,2.125359
SVK,1989,2.34242
SVK,1990,2.2383957
SVK,1991,1.8738333
SVK,1992,2.679717
SVK,1993,4.882404
SVK,1994,6.225819
SVK,1995,6.879693
SVK,1996,5.9181104
SVK,1997,5.796413
SVK,1998,6.022059
SVK,1999,6.261234
SVK,2000,6.252774
SVK,2001,6.815716
SVK,2002,7.0188084
SVK,2003,4.7456207
SVK,2004,5.5366516
SVK,2005,5.972091
SVK,2006,6.4822927
SVK,2007,7.1685276
SVK,2008,6.5313497
SVK,2009,7.7517376
SVK,2010,8.702348
SVK,2011,7.831032
SVK,2012,8.70284
SVK,2013,9.72592
SVK,2014,10.567541
SVK,2015,10.290093
SVK,2016,10.975567
SVK,2017,10.268712
SVK,2018,9.377256
SVK,2019,10.941603
SVK,2020,11.446592
SVK,2021,10.579658
SVK,2022,10.010985
SVK,2023,11.760023
SVN,1990,12.717572
SVN,1991,15.401305
SVN,1992,15.633247
SVN,1993,13.4745865
SVN,1994,14.181858
SVN,1995,12.933575
SVN,1996,13.901845
SVN,1997,11.4578705
SVN,1998,12.754673
SVN,1999,14.103076
SVN,2000,14.733458
SVN,2001,13.841273
SVN,2002,12.2197
SVN,2003,11.173246
SVN,2004,14.313093
SVN,2005,12.02858
SVN,2006,12.332751
SVN,2007,11.394596
SVN,2008,13.356625
SVN,2009,16.37066
SVN,2010,15.943668
SVN,2011,13.359873
SVN,2012,15.410497
SVN,2013,18.234604
SVN,2014,22.357998
SVN,2015,16.322464
SVN,2016,17.403463
SVN,2017,15.219537
SVN,2018,18.022463
SVN,2019,18.17371
SVN,2020,20.58059
SVN,2021,20.394213
SVN,2022,16.556498
SVN,2023,24.549088
ZAF,1965,0.030886449
ZAF,1966,0.029866165
ZAF,1967,0.020714175
ZAF,1968,0.018117523
ZAF,1969,0.015396576
ZAF,1970,0.017539408
ZAF,1971,0.07294351
ZAF,1972,0.52579415
ZAF,1973,0.577211
ZAF,1974,0.6448366
ZAF,1975,0.59844273
ZAF,1976,0.96040404
ZAF,1977,0.9714049
ZAF,1978,0.96227163
ZAF,1979,0.5590492
ZAF,1980,0.45417184
ZAF,1981,0.65005094
ZAF,1982,0.37149048
ZAF,1983,0.21470517
ZAF,1984,0.18491054
ZAF,1985,0.20175484
ZAF,1986,0.5151001
ZAF,1987,0.505198
ZAF,1988,0.89705485
ZAF,1989,0.81933874
ZAF,1990,0.2900504
ZAF,1991,0.5727414
ZAF,1992,0.21651152
ZAF,1993,0.04210848
ZAF,1994,0.29699612
ZAF,1995,0.13997532
ZAF,1996,0.35900468
ZAF,1997,0.5707284
ZAF,1998,0.47630352
ZAF,1999,0.23447943
ZAF,2000,0.40555847
ZAF,2001,0.5403346
ZAF,2002,0.6958178
ZAF,2003,0.34200898
ZAF,2004,0.340497
ZAF,2005,0.40440947
ZAF,2006,0.73137957
ZAF,2007,0.7601123
ZAF,2008,0.3902271
ZAF,2009,0.40872985
ZAF,2010,0.32559687
ZAF,2011,0.73007625
ZAF,2012,0.3535202
ZAF,2013,0.40839744
ZAF,2014,0.8483203
ZAF,2015,1.3551667
ZAF,2016,1.5691502
ZAF,2017,2.2865977
ZAF,2018,2.4042408
ZAF,2019,2.3171031
ZAF,2020,2.7063918
ZAF,2021,3.4062326
ZAF,2022,3.808293
ZAF,2023,3.9379861
KOR,1986,1.3128163
KOR,1987,1.5100771
KOR,1988,0.677997
KOR,1989,0.9301871
KOR,1990,1.2995178
KOR,1991,0.85526127
KOR,1992,0.67404026
KOR,1993,0.83896816
KOR,1994,0.43198675
KOR,1995,0.51026386
KOR,1996,0.43619755
KOR,1997,0.40268743
KOR,1998,0.66056716
KOR,1999,0.5941213
KOR,2000,0.54236543
KOR,2001,0.31239682
KOR,2002,0.4188234
KOR,2003,0.5987888
KOR,2004,0.5348952
KOR,2005,0.45388284
KOR,2006,0.45052037
KOR,2007,0.50456274
KOR,2008,0.52959335
KOR,2009,0.5703038
KOR,2010,0.66277707
KOR,2011,0.7799186
KOR,2012,0.85641724
KOR,2013,1.1068002
KOR,2014,1.3296236
KOR,2015,1.5059777
KOR,2016,1.697326
KOR,2017,2.0170283
KOR,2018,2.5112455
KOR,2019,2.9624653
KOR,2020,3.6470644
KOR,2021,4.069307
KOR,2022,4.6026564
KOR,2023,4.7778306
ESP,1969,18.46006
ESP,1970,15.55932
ESP,1971,16.187815
ESP,1972,16.69035
ESP,1973,12.429852
ESP,1974,12.622828
ESP,1975,10.509173
ESP,1976,7.937402
ESP,1977,14.476511
ESP,1978,14.644488
ESP,1979,15.632555
ESP,1980,9.981172
ESP,1981,7.4071198
ESP,1982,8.885109
ESP,1983,8.936359
ESP,1984,10.203864
ESP,1985,10.242602
ESP,1986,8.501705
ESP,1987,8.477232
ESP,1988,10.430665
ESP,1989,5.5330205
ESP,1990,7.1988688
ESP,1991,7.4529076
ESP,1992,5.013249
ESP,1993,6.625087
ESP,1994,7.3138185
ESP,1995,5.938282
ESP,1996,9.653097
ESP,1997,8.328886
ESP,1998,7.947616
ESP,1999,5.6374245
ESP,2000,6.9646425
ESP,2001,9.178006
ESP,2002,6.3488426
ESP,2003,9.698218
ESP,2004,8.444597
ESP,2005,6.800817
ESP,2006,8.364842
ESP,2007,9.3278475
ESP,2008,10.477875
ESP,2009,13.524963
ESP,2010,17.252142
ESP,2011,16.013664
ESP,2012,16.591034
ESP,2013,20.175394
ESP,2014,20.319185
ESP,2015,17.742815
ESP,2016,18.941141
ESP,2017,16.00793
ESP,2018,18.693235
ESP,2019,17.812366
ESP,2020,22.833883
ESP,2021,23.206352
ESP,2022,21.746628
ESP,2023,24.918743
LKA,2007,16.628572
SWE,1985,31.184616
SWE,1986,26.016823
SWE,1987,31.165657
SWE,1988,31.078041
SWE,1989,32.67113
SWE,1990,34.2481
SWE,1991,30.05637
SWE,1992,34.67141
SWE,1993,35.202854
SWE,1994,28.023264
SWE,1995,31.378864
SWE,1996,24.635288
SWE,1997,31.72828
SWE,1998,32.71404
SWE,1999,32.12323
SWE,2000,37.866596
SWE,2001,35.34507
SWE,2002,32.206024
SWE,2003,28.300158
SWE,2004,30.319536
SWE,2005,35.004883
SWE,2006,32.864414
SWE,2007,35.20214
SWE,2008,37.133144
SWE,2009,39.755516
SWE,2010,38.4675
SWE,2011,39.769398
SWE,2012,43.459965
SWE,2013,39.280052
SWE,2014,40.778534
SWE,2015,46.67754
SWE,2016,41.982113
SWE,2017,42.70394
SWE,2018,42.643585
SWE,2019,44.814293
SWE,2020,52.19571
SWE,2021,51.12024
SWE,2022,53.49401
SWE,2023,53.890182
CHE,1968,39.6735
CHE,1969,36.701298
CHE,1970,34.634697
CHE,1971,33.697243
CHE,1972,28.542727
CHE,1973,28.314793
CHE,1974,31.026619
CHE,1975,34.594242
CHE,1976,29.04813
CHE,1977,35.28424
CHE,1978,32.514015
CHE,1979,30.90444
CHE,1980,32.37267
CHE,1981,34.29216
CHE,1982,35.782173
CHE,1983,33.554874
CHE,1984,29.559746
CHE,1985,29.632399
CHE,1986,29.059496
CHE,1987,30.830393
CHE,1988,31.572079
CHE,1989,28.203419
CHE,1990,26.992222
CHE,1991,28.26373
CHE,1992,28.394741
CHE,1993,31.083033
CHE,1994,32.318325
CHE,1995,30.77135
CHE,1996,26.179207
CHE,1997,28.932562
CHE,1998,28.326654
CHE,1999,32.331287
CHE,2000,30.638754
CHE,2001,31.92899
CHE,2002,29.157335
CHE,2003,28.98333
CHE,2004,28.126806
CHE,2005,27.23591
CHE,2006,26.256657
CHE,2007,29.21831
CHE,2008,29.095587
CHE,2009,29.297272
CHE,2010,29.107452
CHE,2011,28.232935
CHE,2012,31.610807
CHE,2013,31.100544
CHE,2014,32.28236
CHE,2015,33.313087
CHE,2016,32.569138
CHE,2017,32.465992
CHE,2018,32.574883
CHE,2019,33.7412
CHE,2020,36.92606
CHE,2021,37.471905
CHE,2022,33.011185
CHE,2023,38.325344
TWN,1965,10.868428
TWN,1966,10.4390545
TWN,1967,9.467523
TWN,1968,12.089816
TWN,1969,9.123023
TWN,1970,7.867682
TWN,1971,6.7593374
TWN,1972,7.442085
TWN,1973,5.9530554
TWN,1974,8.604859
TWN,1975,8.733823
TWN,1976,5.838051
TWN,1977,4.998222
TWN,1978,5.2226787
TWN,1979,4.524598
TWN,1980,2.7495987
TWN,1981,4.8077273
TWN,1982,4.304236
TWN,1983,4.0560927
TWN,1984,3.4182067
TWN,1985,4.4680967
TWN,1986,4.1947074
TWN,1987,3.4817696
TWN,1988,2.6748216
TWN,1989,2.736456
TWN,1990,3.345187
TWN,1991,1.9716797
TWN,1992,3.0831385
TWN,1993,1.8578914
TWN,1994,2.1436455
TWN,1995,1.9853132
TWN,1996,1.9055545
TWN,1997,1.9934552
TWN,1998,2.2215405
TWN,1999,1.817042
TWN,2000,1.6483757
TWN,2001,1.8225925
TWN,2002,1.2102954
TWN,2003,1.2684549
TWN,2004,1.2759916
TWN,2005,1.47551
TWN,2006,1.4780668
TWN,2007,1.6003758
TWN,2008,1.5864115
TWN,2009,1.537331
TWN,2010,1.6071767
TWN,2011,1.6819066
TWN,2012,2.0682995
TWN,2013,2.0622258
TWN,2014,1.7704613
TWN,2015,1.8474195
TWN,2016,2.2776983
TWN,2017,2.1995304
TWN,2018,2.197746
TWN,2019,2.7456474
TWN,2020,2.810497
TWN,2021,3.0803084
TWN,2022,4.450351
TWN,2023,5.256892
THA,1981,6.015194
THA,1982,7.5709677
THA,1983,6.5891347
THA,1984,6.626251
THA,1985,5.7355323
THA,1986,8.078776
THA,1987,5.196648
THA,1988,4.263988
THA,1989,5.438049
THA,1990,4.116739
THA,1991,3.436168
THA,1992,2.8941948
THA,1993,2.2228856
THA,1994,2.4196477
THA,1995,3.2436836
THA,1996,3.160441
THA,1997,2.977457
THA,1998,2.3754423
THA,1999,1.609163
THA,2000,2.5755086
THA,2001,2.5723314
THA,2002,2.8190806
THA,2003,2.7241347
THA,2004,2.31644
THA,2005,2.2147255
THA,2006,2.8646533
THA,2007,2.9673934
THA,2008,2.983218
THA,2009,3.0957634
THA,2010,2.8453703
THA,2011,3.5703893
THA,2012,3.914373
THA,2013,3.9144244
THA,2014,4.358339
THA,2015,4.308386
THA,2016,4.739767
THA,2017,5.4690447
THA,2018,6.566889
THA,2019,7.1565943
THA,2020,7.181275
THA,2021,7.2292643
THA,2022,7.4562526
THA,2023,7.842765
TTO,2010,0.005239244
TTO,2011,0.005274642
TTO,2012,0.0075587654
TTO,2013,0.0074258316
TTO,2014,0.0073731267
TTO,2015,0.0076000914
TTO,2016,0.008553222
TTO,2017,0.008039129
TTO,2018,0.008528726
TTO,2019,0.008446584
TTO,2020,0.009700671
TTO,2021,0.009454084
TTO,2022,0.009423289
TTO,2023,0.009916642
TUR,1982,12.745108
TUR,1983,9.873128
TUR,1984,11.116493
TUR,1985,9.229306
TUR,1986,8.374288
TUR,1987,11.513276
TUR,1988,16.268532
TUR,1989,10.282754
TUR,1990,12.234772
TUR,1991,11.764814
TUR,1992,13.090732
TUR,1993,15.382831
TUR,1994,14.315046
TUR,1995,14.934052
TUR,1996,15.553352
TUR,1997,14.675053
TUR,1998,15.155853
TUR,1999,12.764666
TUR,2000,10.6712265
TUR,2001,9.121996
TUR,2002,11.541792
TUR,2003,11.340968
TUR,2004,13.70488
TUR,2005,11.425879
TUR,2006,11.485484
TUR,2007,8.79651
TUR,2008,8.238272
TUR,2009,8.941267
TUR,2010,12.350974
TUR,2011,12.007149
TUR,2012,12.655518
TUR,2013,13.686602
TUR,2014,9.931703
TUR,2015,14.269203
TUR,2016,14.563656
TUR,2017,13.09042
TUR,2018,14.5953
TUR,2019,19.008345
TUR,2020,18.64845
TUR,2021,16.09926
TUR,2022,18.482664
TUR,2023,18.701162
TKM,1985,0.0061989655
TKM,1986,0.0049806866
TKM,1987,0.005006666
TKM,1988,0.004972991
TKM,1989,0.004839843
TKM,1990,0.005509647
TKM,1991,0.0060665007
TKM,1992,0.0090138875
TKM,1993,0.0115940925
TKM,1994,0.008723008
TKM,1995,0.011343591
TKM,1996,0.009367659
OWID_USS,1965,3.4813333
OWID_USS,1966,3.6910224
OWID_USS,1967,3.3877106
OWID_USS,1968,3.8358662
OWID_USS,1969,4.0588303
OWID_USS,1970,4.17463
OWID_USS,1971,4.0343986
OWID_USS,1972,3.7416914
OWID_USS,1973,3.5433114
OWID_USS,1974,3.623434
OWID_USS,1975,3.2949784
OWID_USS,1976,3.4166834
OWID_USS,1977,3.5416842
OWID_USS,1978,3.918541
OWID_USS,1979,3.8662984
OWID_USS,1980,4.043397
OWID_USS,1981,4.019434
OWID_USS,1982,3.6683857
OWID_USS,1983,3.7095654
OWID_USS,1984,4.0228815
UKR,1985,1.1391944
UKR,1986,1.1281002
UKR,1987,0.994602
UKR,1988,1.2357122
UKR,1989,1.0963215
UKR,1990,0.9731685
UKR,1991,1.1563051
UKR,1992,0.92114043
UKR,1993,1.4715108
UKR,1994,1.8900635
UKR,1995,1.5910708
UKR,1996,1.4804908
UKR,1997,1.7526176
UKR,1998,2.9008694
UKR,1999,2.680325
UKR,2000,2.1038003
UKR,2001,2.264666
UKR,2002,1.8132339
UKR,2003,1.6885976
UKR,2004,2.1416073
UKR,2005,2.2117321
UKR,2006,2.263283
UKR,2007,1.8360311
UKR,2008,2.1330001
UKR,2009,2.5476246
UKR,2010,2.6100597
UKR,2011,2.0985289
UKR,2012,2.1388652
UKR,2013,3.0470593
UKR,2014,2.3241148
UKR,2015,1.9526479
UKR,2016,2.4077792
UKR,2017,3.02883
UKR,2018,3.4624233
UKR,2019,3.39375
UKR,2020,4.9567018
UKR,2021,6.1698413
UKR,2022,7.671234
UKR,2023,8.788312
GBR,1965,0.5887872
GBR,1966,0.5762794
GBR,1967,0.6204281
GBR,1968,0.4564072
GBR,1969,0.385314
GBR,1970,0.52578115
GBR,1971,0.39834362
GBR,1972,0.39256626
GBR,1973,0.4255182
GBR,1974,0.47520927
GBR,1975,0.47519854
GBR,1976,0.55030495
GBR,1977,0.47088918
GBR,1978,0.4820574
GBR,1979,0.48675352
GBR,1980,0.49102554
GBR,1981,0.5643997
GBR,1982,0.58695453
GBR,1983,0.58459073
GBR,1984,0.58497405
GBR,1985,0.48920336
GBR,1986,0.57397145
GBR,1987,0.5047145
GBR,1988,0.58119524
GBR,1989,0.56762445
GBR,1990,0.68011796
GBR,1991,0.6104344
GBR,1992,0.7424993
GBR,1993,0.6676498
GBR,1994,0.82537466
GBR,1995,0.7896188
GBR,1996,0.6443789
GBR,1997,0.825345
GBR,1998,0.9880291
GBR,1999,1.1079069
GBR,2000,1.1347202
GBR,2001,1.0847902
GBR,2002,1.2882673
GBR,2003,1.2366321
GBR,2004,1.6069714
GBR,2005,1.9288653
GBR,2006,2.121895
GBR,2007,2.4230275
GBR,2008,2.91075
GBR,2009,3.5491805
GBR,2010,3.6713443
GBR,2011,4.9210544
GBR,2012,5.4681044
GBR,2013,6.9561815
GBR,2014,8.871645
GBR,2015,10.9549675
GBR,2016,11.083126
GBR,2017,12.93447
GBR,2018,14.486315
GBR,2019,16.16805
GBR,2020,19.939514
GBR,2021,18.11021
GBR,2022,19.61384
GBR,2023,20.520597
USA,1965,4.36887
USA,1966,4.1714015
USA,1967,4.542216
USA,1968,4.330974
USA,1969,4.598879
USA,1970,4.4008036
USA,1971,4.614475
USA,1972,4.5260477
USA,1973,4.35476
USA,1974,4.9028654
USA,1975,5.0069757
USA,1976,4.5527077
USA,1977,3.549314
USA,1978,4.3275704
USA,1979,4.2914057
USA,1980,4.4192214
USA,1981,4.336748
USA,1982,5.256712
USA,1983,5.684815
USA,1984,5.334361
USA,1985,4.7657766
USA,1986,4.898491
USA,1987,4.2149115
USA,1988,3.6650505
USA,1989,4.3017926
USA,1990,4.7241364
USA,1991,4.723572
USA,1992,4.260531
USA,1993,4.5701666
USA,1994,4.2541485
USA,1995,4.761651
USA,1996,5.017779
USA,1997,5.114446
USA,1998,4.6955967
USA,1999,4.583457
USA,2000,4.0272355
USA,2001,3.4206345
USA,2002,4.0155954
USA,2003,4.179569
USA,2004,4.101272
USA,2005,4.2188497
USA,2006,4.6785374
USA,2007,4.372536
USA,2008,5.004221
USA,2009,5.798852
USA,2010,5.8401756
USA,2011,6.8965087
USA,2012,6.8864713
USA,2013,7.1343727
USA,2014,7.2629757
USA,2015,7.468629
USA,2016,8.28383
USA,2017,9.080356
USA,2018,8.962757
USA,2019,9.312867
USA,2020,10.519768
USA,2021,10.502109
USA,2022,11.292717
USA,2023,11.655809
UZB,1985,3.4460564
UZB,1986,2.9860458
UZB,1987,4.200674
UZB,1988,4.415101
UZB,1989,3.2768686
UZB,1990,3.7827215
UZB,1991,3.4819372
UZB,1992,3.825006
UZB,1993,4.2988195
UZB,1994,4.2269073
UZB,1995,3.6094108
UZB,1996,3.6952722
UZB,1997,3.2977636
UZB,1998,3.2858868
UZB,1999,2.8960893
UZB,2000,2.9226165
UZB,2001,2.9651184
UZB,2002,2.954397
UZB,2003,3.7512069
UZB,2004,3.3663533
UZB,2005,3.5051875
UZB,2006,3.1717825
UZB,2007,3.276898
UZB,2008,2.3529656
UZB,2009,3.4526958
UZB,2010,4.3210754
UZB,2011,2.8693686
UZB,2012,3.2125452
UZB,2013,3.1400707
UZB,2014,2.9529066
UZB,2015,3.0095983
UZB,2016,3.5177083
UZB,2017,3.947353
UZB,2018,2.8922515
UZB,2019,3.1530242
UZB,2020,2.4348068
UZB,2021,2.3403997
UZB,2022,2.4339654
UZB,2023,3.2513921
VEN,1965,2.1140683
VEN,1966,2.1339142
VEN,1967,2.3735323
VEN,1968,3.6946754
VEN,1969,4.2418756
VEN,1970,5.406153
VEN,1971,6.983936
VEN,1972,7.378936
VEN,1973,6.668882
VEN,1974,7.9816513
VEN,1975,8.893406
VEN,1976,9.633482
VEN,1977,9.939145
VEN,1978,9.782297
VEN,1979,10.329237
VEN,1980,9.45448
VEN,1981,9.426736
VEN,1982,9.688069
VEN,1983,11.105164
VEN,1984,12.205674
VEN,1985,13.293667
VEN,1986,13.745109
VEN,1987,16.863823
VEN,1988,17.953766
VEN,1989,18.045055
VEN,1990,18.11904
VEN,1991,21.675652
VEN,1992,21.255587
VEN,1993,21.57694
VEN,1994,21.46965
VEN,1995,20.915274
VEN,1996,22.462038
VEN,1997,22.598196
VEN,1998,22.783644
VEN,1999,24.484877
VEN,2000,24.086826
VEN,2001,21.733475
VEN,2002,21.299461
VEN,2003,23.916454
VEN,2004,24.717348
VEN,2005,25.993856
VEN,2006,24.803205
VEN,2007,24.064661
VEN,2008,24.359007
VEN,2009,23.716719
VEN,2010,22.234074
VEN,2011,22.715034
VEN,2012,21.245789
VEN,2013,21.442986
VEN,2014,21.540855
VEN,2015,20.805126
VEN,2016,18.97061
VEN,2017,21.387169
VEN,2018,23.74739
VEN,2019,25.21792
VEN,2020,33.440247
VEN,2021,29.397217
VEN,2022,27.475101
VEN,2023,24.237406
VNM,1981,8.2104645
VNM,1982,7.957216
VNM,1983,5.9674644
VNM,1984,7.7337303
VNM,1985,7.0842214
VNM,1986,6.225277
VNM,1987,5.438617
VNM,1988,7.0410004
VNM,1989,15.831219
VNM,1990,20.584055
VNM,1991,23.790989
VNM,1992,24.912485
VNM,1993,24.039852
VNM,1994,24.972696
VNM,1995,24.608881
VNM,1996,24.35814
VNM,1997,20.527615
VNM,1998,18.064957
VNM,1999,21.659023
VNM,2000,20.092161
VNM,2001,22.102148
VNM,2002,20.06266
VNM,2003,19.297657
VNM,2004,14.763953
VNM,2005,12.846748
VNM,2006,16.60724
VNM,2007,17.202272
VNM,2008,16.009518
VNM,2009,17.948017
VNM,2010,14.7117405
VNM,2011,19.027449
VNM,2012,23.463968
VNM,2013,23.956772
VNM,2014,23.184889
VNM,2015,18.355711
VNM,2016,19.14979
VNM,2017,23.902075
VNM,2018,20.55936
VNM,2019,15.799334
VNM,2020,18.540092
VNM,2021,23.503656
VNM,2022,27.49788
VNM,2023,22.754812
OWID_WRL,1965,6.445519
OWID_WRL,1966,6.516204
OWID_WRL,1967,6.423987
OWID_WRL,1968,6.3901453
OWID_WRL,1969,6.32996
OWID_WRL,1970,6.2402315
OWID_WRL,1971,6.2751184
OWID_WRL,1972,6.231038
OWID_WRL,1973,5.98148
OWID_WRL,1974,6.527657
OWID_WRL,1975,6.5613737
OWID_WRL,1976,6.2220235
OWID_WRL,1977,6.216026
OWID_WRL,1978,6.4746337
OWID_WRL,1979,6.5883255
OWID_WRL,1980,6.8036585
OWID_WRL,1981,6.9859357
OWID_WRL,1982,7.1871624
OWID_WRL,1983,7.3960943
OWID_WRL,1984,7.3479614
OWID_WRL,1985,7.309479
OWID_WRL,1986,7.2850266
OWID_WRL,1987,7.1429477
OWID_WRL,1988,7.10847
OWID_WRL,1989,6.9876184
OWID_WRL,1990,7.182692
OWID_WRL,1991,7.301195
OWID_WRL,1992,7.2864876
OWID_WRL,1993,7.6539183
OWID_WRL,1994,7.6321683
OWID_WRL,1995,7.8718243
OWID_WRL,1996,7.755703
OWID_WRL,1997,7.847491
OWID_WRL,1998,7.890869
OWID_WRL,1999,7.8530593
OWID_WRL,2000,7.8158455
OWID_WRL,2001,7.552836
OWID_WRL,2002,7.5668545
OWID_WRL,2003,7.3342075
OWID_WRL,2004,7.518
OWID_WRL,2005,7.5638204
OWID_WRL,2006,7.705343
OWID_WRL,2007,7.7473364
OWID_WRL,2008,8.245706
OWID_WRL,2009,8.564856
OWID_WRL,2010,8.797048
OWID_WRL,2011,8.980997
OWID_WRL,2012,9.414955
OWID_WRL,2013,9.847355
OWID_WRL,2014,10.218171
OWID_WRL,2015,10.504495
OWID_WRL,2016,10.980251
OWID_WRL,2017,11.337292
OWID_WRL,2018,11.743186
OWID_WRL,2019,12.228147
OWID_WRL,2020,13.404395
OWID_WRL,2021,13.469198
OWID_WRL,2022,14.119935
OWID_WRL,2023,14.562141
